;Rendement
0;-0.02031078990024909
1;0.04413929222962352
2;0.034048815858526635
3;0.019214932525129454
4;-0.017675149681293193
5;0.061881485471355406
6;-0.04437218478851832
7;0.02919535316962225
8;0.09566307256635569
9;0.049445958836408295
10;0.11196060823976041
11;-0.03771829885099976
12;-0.005340113241242648
13;0.014050719590791943
14;0.07189314196933778
15;0.01717885320258915
16;0.005999378481455438
17;0.08594041554875802
18;0.003897014424700842
19;0.04391082920122202
20;0.04692704795475649
21;0.02538164566396503
22;0.03746977073289173
23;-0.026530215262082494
24;0.0010908436354939966
25;0.04027395611546524
26;0.05471794820988947
27;-0.021223710327675747
28;-0.048109523204940954
29;-0.02168000777254136
30;-0.00717069282742969
31;0.041851594655598776
32;0.04152420560513477
33;-0.0031689174238667306
34;-0.021356737816572605
35;-0.046344993600994255
36;0.06821675461505179
37;0.028035541988974587
38;-0.0165669790214298
39;-0.0053053131336355365
40;-0.07297504069949624
41;-0.027957290664927824
42;-0.02443963001212708
43;0.046380207013232
44;0.1049674054602265
45;-0.03985642738194954
46;-0.019646478336454578
47;0.03779175866688277
48;0.02930004198430396
49;-0.028536337641234297
50;0.038190147581947116
51;0.04955156295661339
52;-0.01483391627693635
53;0.0031800719843606373
54;-0.0016546407248064555
55;0.09032766721195372
56;-0.0007358762496198778
57;0.025346159017649653
58;-0.06877840523854331
59;0.030770504434288738
60;-0.046188704413132345
61;0.08817000232545681
62;-0.040550305253520665
63;0.023902039487676347
64;-0.03102453518923696
65;0.01419587184660685
66;0.08014124083403146
67;0.13350817493103379
68;0.04491829406924296
69;0.0230442028896438
70;0.03822814837011478
71;-0.04247910159091958
72;-0.03947722262494281
73;0.03350997669485395
74;0.008091592299721952
75;0.037067389271722394
76;0.022968945736459433
77;0.07000572310611403
78;0.047741550796307736
79;0.0010950222264349918
80;-0.041170677931451106
81;0.030717870656026207
82;0.049279225882125674
83;-0.03579105485474145
84;0.07814923964776938
85;0.08918602371105379
86;-0.020156713162516694
87;0.02703486941125789
88;0.03128880305625188
89;-0.023238013367634664
90;-0.034247043942467886
91;0.005082758135678916
92;-0.048271300649779934
93;0.015505820237421232
94;-0.0004921656913916194
95;0.07028870851185445
96;0.04471581210001403
97;-0.033548967467177275
98;0.1539061465913869
99;0.09817397174675165
100;0.00940611112842717
101;0.0502313501751415
102;0.029127668513205408
103;-0.0405909113664616
104;-0.04417449445429753
105;-0.0018131415732733558
106;0.02541891453802151
107;0.04893391662494622
108;0.031304229253658916
109;-0.03132049393683744
110;0.004099692823533445
111;-0.013117267003678278
112;0.029822292045660958
113;-0.0011670528667653457
114;0.023960051529482627
115;-0.004271168956757947
116;-0.006442526721524331
117;0.023871044564048843
118;-0.05765653242922198
119;0.07727963934398716
120;0.015930529896383376
121;0.027516823299013567
122;0.02782143426265975
123;0.02444110227139859
124;-0.055757459560447274
125;-0.01446443435814757
126;0.023409344720611357
127;0.021270094423123283
128;0.0039300956425320525
129;0.03495153062826262
130;-0.0001424716037949736
131;0.004946700610029922
132;0.06597225766000121
133;-0.027847582343253095
134;-0.05986837058583688
135;-0.0026093816305944985
136;-0.07817652503888724
137;0.00734533081681036
138;0.06995475883241382
139;0.01654441447601556
140;0.02198725953571227
141;0.02090576952611059
142;0.011284625208574255
143;-0.004360111454150654
144;-0.02320999961853161
145;-0.015154814760205255
146;0.05414695959964149
147;-0.029214240362432947
148;0.018245472809336433
149;0.12340381845237246
150;0.026236382587135693
151;0.032029281883571625
152;-0.012396813493947435
153;0.015073845651069888
154;-0.021812322659543356
155;0.0043976654651665115
156;0.04268575707336211
157;0.0532057697716013
158;0.07436319565602574
159;0.08322199104773745
160;-0.05687241130049927
161;0.013546739978172866
162;0.003701772381144082
163;0.025021890686438297
164;0.027214723086076874
165;0.03205341471135654
166;0.0746042835220588
167;0.021860513018372954
168;0.0958293209119445
169;0.04564384926286962
170;-0.019157670216540624
171;-0.018430556051452385
172;0.008906663600446904
173;0.06677316785207424
174;-0.06896469072491498
175;0.07056937718770101
176;0.07986211764132989
177;-0.0316673876922502
178;-0.021144896260493765
179;-0.03630136958442165
180;0.0001192288208493153
181;0.006158361033498352
182;-0.017806609784399824
183;0.07604599753475455
184;-0.09605212849084097
185;-0.03428123965568219
186;0.04527358885987581
187;0.00047522547408334503
188;-0.008125755711310632
189;-0.01086178609338873
190;0.06898461003780952
191;-0.005573866812244858
192;0.0433655327301264
193;0.010142299209922214
194;0.06183655544302425
195;0.08968022844954035
196;0.05015564776099396
197;0.06143131895014917
198;-0.07057415115654336
199;-0.010050905730952735
200;0.004714125684645012
201;0.030295061650662092
202;0.02590579912635988
203;-0.02327133535097474
204;-0.025699135610194192
205;0.06720445145965898
206;-0.021610795160338796
207;0.06868280045254636
208;-0.001792186321213194
209;0.02659644625850305
210;-0.0009869547311377857
211;0.004105878023106868
212;0.017068996032274554
213;0.03470809326204005
214;0.04090086431467327
215;0.02496074322310136
216;0.06819343733008637
217;0.08785069077462282
218;-0.05156114033833333
219;-0.013931148114095748
220;0.024304058823055214
221;0.07507314872538103
222;0.020862372072707417
223;-0.060951947785565036
224;0.059087345262261975
225;0.11834370211402528
226;0.024668513701347764
227;0.004897260940352766
228;0.022778120348303902
229;-0.019242186317801925
230;0.01605106032787205
231;0.006083760959621429
232;0.027699451665135228
233;-0.010648110729404294
234;-0.012990227395354737
235;0.029646464835076644
236;0.041809329835301695
237;-0.05299258255615726
238;-0.013318875605502
239;-0.013276562907865497
240;0.0006155325438439263
241;0.03235735610943166
242;0.042231737445145544
243;0.03188369183631039
244;0.00922004679593428
245;-0.0028374599821768243
246;0.043604738377069484
247;-0.025841938143624503
248;0.05188133368521505
249;-0.044357343895346873
250;-0.014834819089422809
251;0.03253769688782015
252;0.08579336713487123
253;0.05025620021881423
254;-0.005673199372481008
255;0.019794819970906163
256;-0.07532153314434481
257;0.054541502910280995
258;0.020676338141753375
259;0.05473083792002768
260;0.07858712687867225
261;0.03805117296121722
262;-0.0069858603288432165
263;0.018423717597727745
264;0.04640103271066536
265;-0.013759827701801015
266;0.04089287634893182
267;0.06492080772265084
268;-0.07046352497014027
269;0.04688987930725389
270;0.10749547171375994
271;-0.0009239287953074893
272;0.0227411007443024
273;-0.1115935499194464
274;-0.042545545590697176
275;-0.004458489284040183
276;0.05065789624993954
277;0.04095510225875259
278;0.08370650651051563
279;-0.041360946446652065
280;-0.030146108868204635
281;-0.03117683049747569
282;-0.03668824133175079
283;0.046664780586694266
284;0.015128781653644695
285;0.09599991293390886
286;0.03948554098165829
287;0.07385176170930151
288;0.013232212773227161
289;0.08131897137842699
290;0.0850687893034106
291;0.037738992139927346
292;0.04085335225081593
293;0.03832850578686788
294;0.0038753746974755643
295;-0.07200969942827343
296;-0.02610381502706744
297;-0.019795966556519887
298;0.029942308769298053
299;0.05902383427145196
300;0.0937500345962519
301;0.033462890000477044
302;0.04174702055546959
303;-0.025837280429729218
304;0.05149782830688693
305;0.04831054122624167
306;-0.014212101656439274
307;0.013090173058524215
308;0.01228594438844354
309;-0.013232951794428516
310;0.02782672153852374
311;-0.035479299479832915
312;-0.025816672589454585
313;0.02504017518206098
314;0.08152785551127067
315;0.08164793007916614
316;-0.03809510486985118
317;0.021912507825581143
318;0.026090745076368053
319;0.057798800388890896
320;0.020498151267265997
321;0.09485781330453662
322;0.046496778939625755
323;0.01479805496299008
324;-0.0353814085142946
325;0.03186068479430219
326;-0.08710851758075137
327;-0.009257111850743911
328;0.006192627181485619
329;0.0435020545585148
330;-0.008005869710739546
331;0.0593678160264561
332;0.017925256917516775
333;0.01006094675764686
334;0.02624318680395362
335;0.0985824854595063
336;-0.023822478030303386
337;0.022437238115590362
338;0.01685463712467964
339;0.08154553112642532
340;0.1284537749897234
341;0.03895806447593969
342;0.06549899031199956
343;0.046523991183573796
344;-0.043833896255321324
345;0.06830863783717661
346;0.043680750576974535
347;0.040043401472679534
348;0.03856633093825423
349;0.03836888331124541
350;0.03819898820366816
351;-0.004628048885503944
352;0.030202828569552764
353;0.018832522538002223
354;0.04381839616803077
355;0.037719762352666206
356;0.0025986945026676266
357;0.03512418142479205
358;-0.004124345784307053
359;0.03937435620595963
360;-0.042657465206503105
361;0.05347777116423046
362;-0.022075616579759157
363;0.05010024701470386
364;0.04050767869802414
365;0.0826574725533618
366;0.036611807185353624
367;0.041249800945994224
368;0.05624741112335883
369;-0.005399601183640072
370;0.04552802989927755
371;0.008244965671039068
372;-0.0011833194044460526
373;-0.0055210104553376025
374;0.0003432572287233881
375;0.029849433349831856
376;0.01428082686633033
377;0.010291889947652493
378;-0.035292162718254756
379;-0.022652520913331243
380;0.07470499495936607
381;-0.009082232634246878
382;0.02732801735081665
383;0.0075995641869677395
384;0.00943466747346264
385;0.06516317941632721
386;0.03627764057029623
387;-0.04967585902369038
388;-0.01387038064859027
389;0.04026516815806772
390;-0.007606519096262048
391;0.06541133534574158
392;0.037138979502074676
393;0.06534461406453801
394;0.06838886743665014
395;-0.03141861474562248
396;0.05537118913525447
397;0.03786161270116906
398;-0.042538174891152775
399;0.03407955506968577
400;-0.05080021834923173
401;0.024177586864412036
402;0.04795551920972543
403;0.0025213876283754644
404;0.04778357753886084
405;0.050621498118511854
406;-0.06978437452667435
407;0.00034871123531800665
408;-0.03487089052290642
409;-0.04276043292542383
410;0.02233604410962769
411;0.04795963822546696
412;-0.020549633432650437
413;-0.029802075870122024
414;-0.03315110139962357
415;-0.039466173214396605
416;0.018342630934103994
417;0.005812283113066457
418;0.0001268308399451712
419;-0.03965662744296054
420;0.015357619401707722
421;0.09946284445423942
422;-0.019551600307469243
423;0.11102653044194583
424;0.041926328887276154
425;-0.043282264937850104
426;0.043305485459563614
427;0.03654157517418227
428;0.017115878462013966
429;-0.09553931653718166
430;0.028163140479702947
431;0.04277434334017698
432;0.041415166384953184
433;0.042373977283717466
434;0.01217855703780259
435;-0.02063732225681818
436;0.053935420439897255
437;-0.030717093484054773
438;-0.025818172986324443
439;0.005370086020641338
440;-0.011460253292368066
441;0.05778640687474976
442;0.04352806521229809
443;-0.04791212416305442
444;0.009839969195629265
445;0.0508436574695115
446;-0.005688012763035175
447;0.0811602045951905
448;-0.01841730832326405
449;0.11152579205280518
450;0.02874977973363954
451;0.005447813479593719
452;0.015971349236178583
453;-0.0045630872198954365
454;0.03198889785531336
455;-0.03369699911574287
456;-0.052455578261248234
457;-0.01100235223624594
458;0.025809194230598253
459;0.020511033257734967
460;0.04043057782590026
461;-0.0041550316209259105
462;-0.003925494614368574
463;0.05521685865461649
464;0.06810420881825394
465;0.018575604780406253
466;-0.012270415549953242
467;0.003545407852835467
468;0.008640116163103072
469;0.013411002817772726
470;0.02570627803530641
471;0.071135142441955
472;0.04676323910236647
473;0.0010155063542886466
474;0.0557661196372581
475;0.053563090510060786
476;0.06577101261177191
477;0.04018597753893815
478;0.10333100364425292
479;0.03683939402910383
480;0.023873332940703876
481;0.02580182005469027
482;0.008014041436470904
483;0.0026992825674021503
484;-0.006698782595599652
485;-0.015820636948460132
486;0.025889309509330473
487;-0.028027122871044412
488;0.05385704768665604
489;0.028264786595486414
490;-0.041640623400457176
491;-0.014277409842149638
492;0.07277145982234699
493;0.021660292167241125
494;-0.040272252360675796
495;0.09262898449563138
496;0.025927643082723505
497;-0.014643931416055835
498;0.07673201908776647
499;-0.07987151116040621
500;0.06581365396980886
501;-0.027832631629875523
502;0.030170694973372464
503;0.020036715224574238
504;0.002652171464977897
505;0.04207381851087504
506;-0.007594983733390421
507;-0.006632989626066604
508;0.11214479528176667
509;-0.02947320480468875
510;0.02093444334803834
511;0.0829075928840237
512;0.043803139574618795
513;0.06958600105874196
514;-0.005190630963087414
515;0.06323648274357253
516;0.06084657625372159
517;-0.012755922176160794
518;0.04404907728427147
519;-0.07676147242232474
520;-0.013058484641537972
521;-0.03710865112467644
522;0.0497852736585358
523;-0.0034812494871462717
524;-0.03883719725993501
525;0.037143096699519165
526;0.03697108153246205
527;0.010972730400177398
528;0.017885342196188675
529;-0.027221153918265628
530;0.054938678232622065
531;-0.029849079702313475
532;0.054247097685521765
533;0.04213586831494382
534;0.004988199806968936
535;-0.028999179811366814
536;0.05460578768655751
537;-0.04076155772472205
538;0.0540269352808707
539;-0.028186611614912493
540;-0.014335623777309507
541;-0.10055271017743252
542;0.005706766913576473
543;0.036387709395942804
544;-0.012541646756052103
545;0.011410907461675208
546;0.047960016070708066
547;0.03960582422799334
548;0.014514977146378812
549;-0.017748537465716935
550;-0.033817038389334184
551;0.061517644712900506
552;0.01935712274094243
553;0.01966593897701813
554;0.02093961821707751
555;0.01913182136454921
556;0.04903495313050073
557;-0.01405364815646024
558;-0.010210823272428655
559;0.005418695092094765
560;0.03594954662861653
561;0.07208341459499508
562;-0.04074664621182293
563;0.04140466675667881
564;0.0057787255565555995
565;-0.03787957120307567
566;0.05507413407514619
567;-0.017490541347281122
568;-0.04185731374922881
569;0.025703863822965474
570;0.02398175238195293
571;0.013460608203018865
572;-0.02913810766159216
573;-0.019174920841909825
574;0.05552898972190647
575;0.048149090719436176
576;0.0178511154711731
577;0.0015116002631930315
578;0.02681793280693384
579;0.07112236801956101
580;-0.04060355653887868
581;0.031193983956723913
582;-0.019200416277960385
583;0.03576606388567598
584;-0.02185963452981028
585;0.04102178667548159
586;0.0175220723862202
587;0.0852252324295091
588;-0.025419193311952314
589;0.014764722926229155
590;-0.0062818448283911725
591;-0.01289580606749965
592;0.09594610269469413
593;0.04650543508316332
594;-0.0036596961699567033
595;0.08904556884826874
596;-0.004556616948042063
597;0.0272856042832575
598;-0.03478515874531368
599;0.023790193427318373
600;-0.022051791263117338
601;0.03816342498959173
602;0.030659186159454066
603;0.05232897233274201
604;-0.004557980807833388
605;0.0835382673432494
606;0.06004148567052112
607;0.03058042200445172
608;-0.03804236933784424
609;0.016422896428768326
610;0.052521500771815395
611;0.09744437617849996
612;-0.009159816884895946
613;0.05062859591775279
614;0.004127661603606328
615;0.09389553715982686
616;0.0507479022299286
617;-0.02073133594151443
618;-0.037413216372378884
619;0.0394378236198267
620;0.028507562461783494
621;-0.04612128451954817
622;0.056636506788155856
623;-0.0215298992485738
624;-0.003256990327463143
625;0.0793239087555375
626;0.03323212630579306
627;0.0016059704260551655
628;0.06953782605092712
629;0.014802895781451185
630;0.07857681844561853
631;-0.024853771006715136
632;0.10360057269336152
633;0.08401142552032013
634;-0.12627019736393946
635;0.026525323894474723
636;0.04551467992935485
637;0.04667252675807759
638;0.054853665236346674
639;-0.06439295339427971
640;-0.015563619029870494
641;0.017768083390327972
642;0.012634762774150375
643;-0.018048953021530423
644;-0.0110038763160874
645;0.08029304465911992
646;-0.008446724002243968
647;0.010486057377815996
648;0.0291026487755353
649;-0.015821236191186756
650;-0.028043268264086832
651;0.11549947838631965
652;-0.028956564255778687
653;0.024183710447608177
654;0.03060460487573607
655;-0.03591686236801508
656;0.01281263565382389
657;-0.026583768502099474
658;0.011950176678547279
659;0.03851887530146243
660;0.05070780454976329
661;0.015922959515962704
662;0.04969464754742532
663;-0.026979612049011337
664;-0.05180641139954005
665;-0.046970626643120426
666;0.10381133431304804
667;-0.046449544359226
668;-0.03025833056923702
669;0.025262523336408976
670;-0.005447614312963509
671;-0.006236936365098273
672;-0.0789484073528358
673;-0.06560356485903568
674;-0.007073536623913128
675;-0.05986946999721681
676;-0.015421111445953244
677;-0.007368870592663938
678;-0.03645991880705097
679;0.016307759305150854
680;0.04863354747768781
681;-0.044426207137472744
682;0.06499361310168865
683;-0.018238274891913306
684;0.031200116303142806
685;0.07831268501713468
686;0.047303122371839236
687;-0.0013126027877842716
688;0.029586763047431786
689;0.011340492029927844
690;-0.06125783184156859
691;0.04691794263609623
692;0.052103338603437944
693;0.06306151744762162
694;0.06967378385690637
695;-0.003560341557393798
696;-0.013674973563940682
697;-0.027958299052659612
698;-0.06606609622066202
699;0.010629616030057605
700;0.009894454247185536
701;0.05962024364358598
702;0.11173387005878027
703;0.012191768329752363
704;-0.0481868750835595
705;0.01995792253145723
706;0.11205143067428054
707;-0.04632744060777341
708;-0.026565232277297214
709;-0.06667075388012918
710;-0.015991309104190065
711;0.08848540318214333
712;-0.03270739526003965
713;0.02757043486067488
714;-0.03654274089135186
715;0.07237931200430808
716;0.10048141005043831
717;0.006990475369884166
718;0.19196930585990488
719;0.031391883681339154
720;-0.030818416761490396
721;0.029286566125774415
722;0.023692737407094596
723;0.05803756087743921
724;-0.037140228503710945
725;0.021938574020270635
726;0.03260949491833287
727;0.06668606808117133
728;0.05424147958069497
729;0.02250694209113618
730;-0.04519335416217359
731;-0.07091376277849804
732;0.07943067344704162
733;0.05507300207832927
734;0.0020602164723395335
735;0.056213159350294147
736;-0.018284372534915435
737;0.06041602194762191
738;0.061219214132991626
739;0.011704264568909366
740;0.042342283120829764
741;0.007606712830635587
742;-0.003936476500826558
743;-0.021325925702853254
744;-0.02391244000823889
745;0.01667662168629931
746;-0.01381309829821646
747;-0.008341694923794734
748;-0.002584187189062561
749;0.0493146663486479
750;0.012684647070751539
751;0.05706191631886497
752;-0.0029499316872174577
753;0.07602427633498593
754;-0.02280213258755012
755;0.012196950213931643
756;0.06135605499206264
757;0.03590439531453597
758;-0.1212692519256025
759;-0.0356514416854229
760;0.07588715987751925
761;0.06250441617016662
762;0.06459241125591846
763;0.03229841036448192
764;0.06320807254439728
765;-0.016853761597250667
766;-0.014899456025024875
767;0.04535963458753955
768;-0.06678956104799567
769;0.02230633095677021
770;0.019537143315374123
771;0.16057462210303924
772;0.06632432789005137
773;0.043468802404793366
774;-0.06697380349952767
775;0.03227083485669894
776;0.05632077539769711
777;0.02204563982285805
778;0.00710336703787533
779;-0.008125173416569424
780;-0.006106920880743445
781;0.016359637026120026
782;0.0766156994219483
783;-0.05384558546470004
784;0.07730813281747856
785;0.07952736682612055
786;-0.017297734073265614
787;0.0072931401236434115
788;0.0024434519112541864
789;0.0489381892956979
790;-0.057878911578273746
791;-0.01357203602064999
792;0.025757119152785463
793;0.06770942315786968
794;-0.03869485288626464
795;-0.056750435792639
796;0.020709819825312364
797;0.07678412577408068
798;-0.04034461070154464
799;0.07018194487629699
800;-0.02632349015709863
801;-0.015133516495710637
802;0.04805317162435259
803;0.0019401923115285058
804;-0.019433164272382442
805;0.025571743763936467
806;-0.05320417982496281
807;0.010522497512108374
808;0.005188503497692381
809;-0.016581231028019942
810;0.01056537822188247
811;0.006033159512917052
812;0.0010775712132449656
813;0.044790108391048876
814;0.006537268983492623
815;-0.05612180965244022
816;0.10832805416577031
817;0.1091310863440414
818;0.005951358717702675
819;0.0062020707892010305
820;-0.026528455206772463
821;-0.006282108477728343
822;0.07827909328046288
823;-0.00949644546507784
824;-0.005254543202926243
825;0.02851052921604122
826;-0.02574170254960194
827;0.0018507359765702347
828;0.04233100682295501
829;-0.007362566367341259
830;0.0121625798738026
831;0.003935989645711117
832;0.055195209859384
833;0.01881469149481234
834;-0.06483380516427957
835;0.09472868450420975
836;0.08788836932793771
837;0.03352090909993507
838;0.042079199951920575
839;0.043643321573034084
840;-0.03891083735362457
841;0.06240241583147863
842;-0.09768774156077811
843;0.04968476362233659
844;0.020853556938136536
845;0.09620393792429624
846;-0.022187214452595753
847;-0.01675785694824697
848;-0.02289397886922245
849;0.021513472790023514
850;0.06716319475095858
851;0.03285109032769256
852;-0.011175481268494849
853;-0.09822743660556937
854;0.036827584044664546
855;0.05415782571209334
856;-0.007839685825086918
857;-0.03688543264316323
858;0.042143719563287906
859;0.04062804019010585
860;0.010302245442514534
861;-0.0064527687488048005
862;0.08734868812599857
863;0.017174678260447395
864;0.041683084389648004
865;0.1029021357473441
866;-0.01361162654168723
867;0.028661654248738556
868;-0.012829862670477752
869;0.0996562937540419
870;0.053222465933325795
871;-0.017240239488720163
872;-0.011108175264595132
873;0.06088684361525892
874;0.08092460735386169
875;-0.05044938474326116
876;0.04136404457443007
877;-0.05627631302699797
878;-0.02116032307232146
879;-0.0141881694847757
880;-0.009286019672313302
881;0.046581417641113065
882;-0.01060649273681733
883;0.010085234485851942
884;0.06710625959243145
885;-0.005413139920848948
886;0.07612833583513705
887;0.06854584809064605
888;0.0934840695355625
889;0.018621213272756593
890;0.05212795767138246
891;0.06566574830022233
892;-0.046468887437238635
893;0.004088158083974491
894;0.017724809362492808
895;0.005943642760634731
896;-0.054040847210153516
897;-0.01915394057984045
898;0.04022165080012186
899;0.01422704032282354
900;0.012232761642564326
901;-0.011209738955778476
902;0.029724663371716958
903;0.031825247488945364
904;0.023764007327163057
905;0.13723251878660747
906;-0.005996539006352464
907;-0.01426687570822594
908;-0.00530036873532552
909;-0.025174123692597306
910;0.14018475444195772
911;-0.0016006871210882422
912;-0.08278640515618463
913;0.043904834263998965
914;0.23346596684320758
915;0.03144262451001637
916;0.013136647964375357
917;0.042935568039493006
918;0.13862718007747205
919;-0.02330851167505827
920;0.01577953846755349
921;-0.03227992026263678
922;0.08733990284267464
923;0.02393076433252702
924;0.06318487705757207
925;0.014436823949500308
926;0.050064047027442056
927;0.035569817787945934
928;0.1028485491708608
929;0.10321498834600845
930;0.07406311787662816
931;0.08161854534242835
932;0.03879449928951544
933;0.03631691489626718
934;0.07417423800799085
935;-0.005132968021302417
936;0.11490434995843572
937;-0.007980935766772888
938;-0.030254746778566356
939;-0.0021133777673875897
940;-0.03637648765999671
941;-0.00040910719291076703
942;0.026263125606439244
943;0.022007530729079433
944;-0.08368136458735365
945;0.014158167159746994
946;0.04089338518956694
947;0.09870733468098038
948;0.08287656484224953
949;-0.00853062972388173
950;0.03134378853644933
951;0.04674557696179235
952;0.0446083439414879
953;-0.05952504736770507
954;0.03786152017044714
955;0.02564926082167034
956;-0.004147581356398859
957;0.05804510842649861
958;-0.041456523410305125
959;-0.04369545046618242
960;0.009309292999364942
961;-0.058960279308822694
962;0.012303858673241307
963;0.01042873838706555
964;0.04426172566683448
965;0.03341818481114231
966;-0.0932287119995921
967;-0.020595545599127546
968;-0.012171056759126487
969;0.01760668191486843
970;0.030284573737879156
971;-0.020028285027205755
972;0.01902809001022959
973;-0.024141118395692586
974;0.019369471506714576
975;-0.0052471565001781075
976;0.05938554540605139
977;-0.0036231000594315788
978;-0.025522565067675203
979;0.04315263705627558
980;0.07524758871177269
981;0.024841321957983525
982;0.03412055167944402
983;0.0677938387470256
984;-0.040824247793371314
985;0.03120704973376462
986;0.015995416691668964
987;0.06951095557155568
988;0.009973193844117389
989;0.006284249784716707
990;-0.019797921689594204
991;-1.7731672919722996e-05
992;-0.010111788137488418
993;0.008497817566358208
994;-0.040708964950846964
995;-0.057148372117369346
996;0.021393366809560346
997;-0.047093284946652714
998;0.05161594204575934
999;-0.020405806214150175
1000;-0.053678536200814336
1001;0.0495894346203886
1002;0.0413944509963207
1003;-0.014205270701223327
1004;-0.0016089834874401276
1005;0.028551315548541255
1006;0.08384278517394833
1007;0.03364772764876591
1008;0.10162016485025419
1009;0.02354689726567031
1010;0.07184874753309516
1011;-0.011542449415745608
1012;0.020633312292557094
1013;-0.03160899415880308
1014;0.0016966450151412005
1015;0.07143672363494531
1016;-0.045291860360548525
1017;0.033403520718516974
1018;-0.04052377963690944
1019;0.025448318001911618
1020;-0.0359205236274866
1021;-0.02971677109576149
1022;0.04523102726184163
1023;0.0009631209702705235
1024;0.09734377571453919
1025;0.05086382479905652
1026;-0.003563100725593955
1027;-0.06629931238264404
1028;-0.0015975973146844069
1029;-0.04057119420288089
1030;0.026395356624251177
1031;-0.0367662816847016
1032;-0.018686797412168374
1033;-0.01851318600860054
1034;0.025748486803353076
1035;0.0007020437011948388
1036;0.08230766277537896
1037;0.15259923971576866
1038;0.024523831647313157
1039;0.02484224263773882
1040;0.02002911668653226
1041;-0.029104454406156464
1042;0.053322752033046754
1043;-0.07892257711015574
1044;0.03451349606240456
1045;0.09273333052693004
1046;-0.022999066049128915
1047;-0.0626728573034471
1048;-0.00887406955513697
1049;0.03865228308275377
1050;0.03264075989447605
1051;0.031101640497506366
1052;0.08653726967637794
1053;-0.035959834271113066
1054;0.12251505693501258
1055;0.12062647566823713
1056;0.036878174733312646
1057;0.03058792019952989
1058;0.01944419756683601
1059;0.010078847647564828
1060;0.07190390518312512
1061;0.039691952708795525
1062;-0.030859467169094473
1063;0.039384413435117976
1064;0.0014000384284904043
1065;0.0921189858372091
1066;0.044386555803703515
1067;-0.04357836609637118
1068;-0.02222401836024403
1069;0.015517942339807576
1070;0.03353683264648083
1071;0.08453157452548396
1072;0.004783668874296581
1073;-0.021484205098170436
1074;0.041336240972854765
1075;-0.007663276657819011
1076;0.02825316146289822
1077;0.012155187016525702
1078;-0.010260194466820423
1079;-0.0001362188302061895
1080;0.0014267557856450707
1081;-0.005261892349806345
1082;-0.06349820737510811
1083;0.07871336576367555
1084;-0.03396913816097509
1085;0.03750118366943582
1086;0.02419787187275162
1087;0.11412738936861061
1088;-0.004504362367123633
1089;0.06329166155747856
1090;0.03701854026811986
1091;0.0194234271507932
1092;0.09199431041736815
1093;-0.05108109731168497
1094;0.09665918036663441
1095;0.004769652705871152
1096;0.00519724481831247
1097;0.031726029137474396
1098;-0.07930830109623727
1099;-0.005283146330170183
1100;0.022082641106144933
1101;0.09189759528277762
1102;0.088963243491593
1103;0.08225979726720255
1104;0.008592479072414817
1105;-0.006523555868430577
1106;-0.06507356122837521
1107;0.014543874214274126
1108;0.030377263421179208
1109;-0.04346032216806208
1110;0.013817134900723716
1111;0.0525434493134982
1112;0.012377948909319656
1113;-0.026748216817427135
1114;0.014821195033128304
1115;-0.026179789852229192
1116;0.004947047197075563
1117;-0.0036202758498646405
1118;0.030294704457042486
1119;0.021167119069387466
1120;0.045731469872719546
1121;0.12196487065254075
1122;-0.05117420715351813
1123;0.12596358801584073
1124;0.00748012561346755
1125;0.0514195053897231
1126;-0.02076832148596992
1127;0.019453631126903303
1128;0.004529452314305615
1129;-0.07803982230121306
1130;-0.013187430462456008
1131;-0.005556837913230055
1132;-0.0003924385601791869
1133;0.03537525130640276
1134;-0.040182509413659064
1135;-0.008276139306099993
1136;-0.010695652515335042
1137;-0.023783933370716142
1138;-0.046601981618642443
1139;-0.027776795968647575
1140;-0.0272384575286479
1141;0.030966058719568396
1142;0.09029218959333378
1143;6.9134237733266e-05
1144;0.12289888677211877
1145;-0.021887620243852837
1146;-0.01638066951193764
1147;0.09482743254211727
1148;0.048461556623794734
1149;0.03956570055203841
1150;0.04235254421507406
1151;0.023348379613451726
1152;-0.006357244799892356
1153;0.03500610953111135
1154;-0.08009666575707058
1155;-0.003532252855546005
1156;0.0659920421897739
1157;0.040156176112232204
1158;0.04273928288728456
1159;0.013066022446675447
1160;-0.01945727150258449
1161;0.02090625189980912
1162;0.07104409951683933
1163;0.006787911099609687
1164;-0.0014983883814521448
1165;0.04957562953424485
1166;-0.03957991947111765
1167;0.04055255592753752
1168;-0.03369062425878127
1169;0.12919104281905064
1170;0.04030410699644293
1171;0.01385364405860784
1172;-0.05350523496838662
1173;0.06503330734612006
1174;-0.0326181390139908
1175;-0.04698545147032689
1176;0.010837364029264478
1177;0.02318240200926766
1178;-0.03404052386436348
1179;0.023001131135772682
1180;0.021082622095569832
1181;0.01111053809483593
1182;0.030750531181815005
1183;-0.017525568909016728
1184;-0.0732425479512814
1185;0.00042245924946954005
1186;0.01001408273189881
1187;0.02838246474614195
1188;-0.03390676913882132
1189;-0.006254864744321366
1190;0.05745765288917326
1191;0.013251785576749598
1192;0.09257598052071402
1193;-0.005108631378579531
1194;0.04721651299477088
1195;0.07432575861953311
1196;0.15240337435845291
1197;-0.0264743556420558
1198;-0.016465420363126385
1199;0.02918784115385421
1200;-0.0054586253310458235
1201;-0.0026554826930403406
1202;0.04569637380235676
1203;0.021142068907293633
1204;0.005907890503420674
1205;-0.00601044813156264
1206;0.10171173982797115
1207;0.00357031855604788
1208;0.00032986900374183393
1209;0.013424105874820355
1210;-0.004728675213641936
1211;-0.0276771318255814
1212;0.040652705889572045
1213;0.01845070159855993
1214;0.04253740589708158
1215;0.030705285948782687
1216;0.1271759558994428
1217;-0.014969720201290216
1218;0.026877477034848312
1219;-0.014186532024375965
1220;-0.023434284585231495
1221;0.03769665252944023
1222;-0.05352302148028059
1223;-0.0005512558515393096
1224;0.01625536367378146
1225;0.011554993104714271
1226;-0.016608486103849886
1227;0.011831877327119713
1228;0.05748679719652941
1229;-0.021848349575858208
1230;0.03460074283749108
1231;0.01318621390083493
1232;-0.022691116556664354
1233;-0.00491962844009251
1234;0.013996147203656762
1235;0.06281510945965366
1236;0.08142055443290858
1237;0.03840237927514465
1238;-0.020575120250440903
1239;0.03927053470822301
1240;-0.05934731902820573
1241;0.06796548691418793
1242;-0.07708857230262708
1243;-0.011367868262624228
1244;0.03843226352740686
1245;-0.028945516229792075
1246;-0.06036743739135247
1247;0.04036254955174371
1248;0.05678879469142231
1249;-0.05071975984381225
1250;-0.019389155922868325
1251;0.0221892089393279
1252;0.002908325102468012
1253;0.04332977316791812
1254;0.03053472891828008
1255;-0.018873614925987853
1256;-0.02162443523040807
1257;0.03793626870473503
1258;0.022378243253480434
1259;-0.07109929194687567
1260;0.0021565560585689527
1261;-0.007179920222372402
1262;-0.07967962029459529
1263;0.01459259483794554
1264;0.08039967444485896
1265;-0.006898492852225786
1266;0.036219317930150936
1267;0.027616378533086277
1268;-0.024043584568498914
1269;-0.0365669682035076
1270;0.011735530027048356
1271;0.004680140996839555
1272;0.03372973403447091
1273;0.08966017781927221
1274;-0.052446953151062986
1275;0.03909825419241386
1276;-0.04892958301476995
1277;-0.019022616609634044
1278;0.018295672570008036
1279;0.07130209088981204
1280;0.02309994058986092
1281;-0.013779612931683687
1282;0.018748960841566457
1283;-0.001838975895738031
1284;0.01752116085696585
1285;0.044153331155741
1286;0.03086656086427382
1287;0.01814902184803316
1288;-0.01221368590740795
1289;0.03780447169094643
1290;0.05584033544981864
1291;0.01977224129696694
1292;0.02388341723603844
1293;-0.0492967133816623
1294;0.0003295567198308902
1295;-0.014656563708440444
1296;0.004625682254344668
1297;0.06217011557172043
1298;0.07006739914869328
1299;0.0510782636080431
1300;0.002918073834801618
1301;0.030744609153506134
1302;-0.012079375914235725
1303;0.00994183082199072
1304;0.014043881128907856
1305;0.01564774298008672
1306;-0.0028246385861287137
1307;-0.0311722169883447
1308;0.010298631058700493
1309;-0.004709832515782893
1310;0.0071441535777650245
1311;0.0804976022858284
1312;-0.07666780103825531
1313;-0.0987867784007645
1314;0.015258621334665889
1315;0.0021445731464528705
1316;0.06661702532216182
1317;0.06095734777432526
1318;0.042223431395786264
1319;0.02049202145352382
1320;0.09321028488580069
1321;-0.029534165048540187
1322;0.003952698611720251
1323;0.02156175382418482
1324;-0.024449151991502164
1325;-0.08936215598611084
1326;-0.058483056238938645
1327;-0.014846921537458684
1328;0.010337160717904083
1329;0.03724651928979753
1330;0.062142468197405945
1331;0.03397705895233358
1332;0.03201577265168922
1333;0.08382005613030487
1334;-0.01952641557458648
1335;-0.04828389501255998
1336;-0.02007563544489486
1337;0.09877259676439692
1338;0.04431908517126274
1339;0.06669576850637185
1340;0.015215107782874356
1341;0.0510083500829883
1342;0.04675757705063319
1343;-0.007112779893486305
1344;0.11154952001609246
1345;0.025827236872762994
1346;0.023978278405101746
1347;0.03174826777416428
1348;0.0923009298319117
1349;0.027636597561661206
1350;-0.009222653050546797
1351;-0.04301447819745818
1352;0.03785355862575443
1353;-0.029587632896342766
1354;0.06720130194633782
1355;0.02096210379961434
1356;0.041677856101727
1357;0.03987367632545457
1358;0.05336070401481649
1359;0.09031895394563079
1360;0.01757491607156325
1361;0.03819968292030438
1362;-3.145961632938565e-05
1363;0.02571450694571098
1364;-0.015383931150045953
1365;-0.027938044021356065
1366;-0.0828167388645022
1367;0.04098975319421825
1368;-0.04605715909519944
1369;0.08383715591203099
1370;-0.03727532667968191
1371;-0.002513933340306238
1372;0.007705630994393715
1373;-0.023437105569552016
1374;0.03942291846471321
1375;0.010260664687319121
1376;0.047626703125964696
1377;0.005435741411035906
1378;0.009226029675814403
1379;0.03549849138637498
1380;-0.06008896230957674
1381;0.013836961080396719
1382;0.09253887291998425
1383;-0.02852451928154011
1384;0.09774046044664075
1385;-0.009138227008256762
1386;0.033972721573664016
1387;-0.021475114362163053
1388;0.060165697554836584
1389;0.020429141053628967
1390;0.04585090571851097
1391;-0.013345044094687352
1392;-0.0015241361463937152
1393;0.03070803362210839
1394;-0.03204501518744493
1395;0.011577149648604602
1396;0.0005124974739973709
1397;-0.0024273278548612607
1398;0.08390243650678685
1399;-0.05042789031178572
1400;-0.02510824281952992
1401;-0.003504202484890868
1402;0.06690130789477734
1403;-0.05425713243392636
1404;-0.03527238135170208
1405;0.011936778566754782
1406;0.04060791330359791
1407;0.05143196258514223
1408;0.0882457711466624
1409;0.07481018668880622
1410;-0.01682370649873704
1411;0.01868499412848706
1412;-0.002014350655157813
1413;0.006005370558046792
1414;-0.033185437769252105
1415;0.028263805941411563
1416;-0.015706155487756206
1417;0.1306299695325322
1418;0.05931381184481779
1419;0.030920970850185654
1420;0.106365381102095
1421;-0.059236750645568034
1422;0.07865500679244349
1423;0.05318214048265872
1424;0.05260930914905089
1425;-0.05571491515075806
1426;0.07017138824053745
1427;0.036822140068765774
1428;0.022637993758255988
1429;0.09303485845438474
1430;0.03247170297899558
1431;-0.03205963075126192
1432;0.027319440880559254
1433;0.024901046342163228
1434;0.011969411334683145
1435;0.017782726363753342
1436;-0.025729342522710114
1437;0.012964991725112611
1438;-0.03978877231472296
1439;0.021636823925952342
1440;0.01475078205231668
1441;0.09131121793298448
1442;0.03195894461687288
1443;-0.01525304687341972
1444;-0.06805550291663649
1445;0.011667856142266118
1446;0.006994156651012276
1447;0.009454772433675061
1448;0.0033337656030145977
1449;-0.05485607163213345
1450;0.03273010210524291
1451;-0.04080552969195523
1452;0.02033629982142472
1453;0.10290624746477534
1454;-0.02845642826038727
1455;0.02288332891580964
1456;0.06346130328984302
1457;0.02145353914238953
1458;0.004728427026879416
1459;-0.011894661159721806
1460;0.04099965097331079
1461;0.00529857742420873
1462;0.06896088141901657
1463;0.02166511922803622
1464;-0.03910832573675293
1465;0.0897527150069304
1466;0.016609398308929
1467;0.02005149914497565
1468;-0.07491987797276806
1469;0.008721559674608699
1470;-0.011328228663240054
1471;0.06162595040561939
1472;0.012863984298299158
1473;0.013459720291107828
1474;0.0489322011927112
1475;-0.02203209588456616
1476;0.043517565275792265
1477;0.020410366677034518
1478;-0.027239331932130854
1479;0.016303579766795622
1480;-0.03334081484590442
1481;-0.016643449744572082
1482;0.00056827164563785
1483;0.06264708311314691
1484;0.03241230587618716
1485;-0.006616266839113934
1486;-1.7366434108936345e-05
1487;0.049600358691318715
1488;-0.08217318902627525
1489;-0.01050308031091177
1490;-0.0017267566469925555
1491;0.055716856431201195
1492;-0.017008276796040462
1493;0.02838480748067454
1494;-0.05281702919448634
1495;-0.012477576124816779
1496;0.00514103846682886
1497;0.028581706220106754
1498;0.027065656313989876
1499;0.04039347506439199
1500;-0.009380076692949046
1501;-0.03989137481249756
1502;0.05210075620753571
1503;0.025771978903935205
1504;0.008552115889953029
1505;0.03917553722858287
1506;0.0049484458604689505
1507;0.10651183667617786
1508;0.08799675155327265
1509;-0.038235806161152366
1510;0.05968814311951618
1511;-0.07517800975156802
1512;0.04713065631114489
1513;0.07032349887960195
1514;0.06556151602479886
1515;0.03259969479371307
1516;0.05485172331649139
1517;0.03838640762936137
1518;-0.013176257332888354
1519;0.09072365917078855
1520;-0.02678544147185221
1521;-0.035130512553561886
1522;-0.03939883699287122
1523;0.11220719435008661
1524;-0.014440093250051973
1525;-0.06232482548081236
1526;0.09403182272487796
1527;0.08674588339499124
1528;0.07944655601449967
1529;0.002530403534052965
1530;0.026572358070800987
1531;-0.006771869638462249
1532;0.012397291847739354
1533;-0.0058303720277650935
1534;0.05633856348732749
1535;-0.030522870758117337
1536;0.06314062798531396
1537;0.012659034785396699
1538;-0.021085527799253042
1539;-0.018002117282591712
1540;0.09078728367840071
1541;0.06457710368340201
1542;-0.02444306591747008
1543;0.016675679980419033
1544;0.07420331158569042
1545;0.0053610610663288585
1546;-0.06586841966537776
1547;0.00927497269462819
1548;0.07786028230728732
1549;-0.0633559012983173
1550;-0.019350356280248063
1551;0.05024690651654566
1552;0.027646687851448776
1553;0.008088927118656813
1554;0.03171489349652432
1555;0.16490246054030025
1556;0.05501186500804451
1557;0.018159676276305277
1558;0.06104460032227663
1559;0.040934227335154956
1560;0.07235899353405444
1561;0.023752482054725306
1562;0.042747044610018034
1563;0.05145972741265936
1564;0.08103741649809422
1565;0.096375080189881
1566;0.01162279110735966
1567;-0.037109582280051824
1568;0.03283828687071178
1569;0.0346626639358989
1570;0.0701277756165699
1571;-0.009340476004550737
1572;-0.011182686676135489
1573;0.06734222224063685
1574;0.034884723432127486
1575;0.07665214739001343
1576;0.01772202321749745
1577;0.022997706016031145
1578;-0.011734359955419365
1579;-0.03528032993654193
1580;0.08375629928954709
1581;-0.02610140230934178
1582;0.01552960400803144
1583;0.04534579304730272
1584;-0.012094791331055461
1585;0.02032404441899942
1586;0.01970727217431417
1587;-0.0158687326775906
1588;0.00464407841509626
1589;-0.02934968979710291
1590;0.04202264944694249
1591;-0.03486697720970071
1592;0.010782890902918894
1593;0.03645955726138638
1594;-0.026736173334439714
1595;0.08559566578151107
1596;0.06925759586508122
1597;0.05214802390452491
1598;-0.0243649549687413
1599;-0.020551045658331334
1600;-0.04584986866660088
1601;0.01399128382601461
1602;0.04011234447861355
1603;0.032938571782819254
1604;0.017771284039232286
1605;-0.0037039495652875587
1606;-0.0707461606483703
1607;0.013625811456454074
1608;-0.006520784990115942
1609;0.013940920412179451
1610;0.02836313620170344
1611;0.046843733144751806
1612;-0.04215672470150068
1613;-0.002351343144928819
1614;0.04567518531684485
1615;0.006097238306842882
1616;0.05766676414161708
1617;0.014739943739371597
1618;0.021188643055856316
1619;-0.0029428453262320886
1620;0.00800183861962438
1621;-0.00364493851284891
1622;-0.0001228038018994937
1623;0.05848851125807968
1624;0.05088090485197256
1625;0.022361874580891054
1626;0.028078333418594354
1627;0.016830691221296518
1628;0.0007402878865336504
1629;0.015086413563292211
1630;-0.03945645202384966
1631;-0.02779488751757526
1632;0.0018443843792719861
1633;0.024926265028738754
1634;0.04799564582362109
1635;-0.025823243879775363
1636;-0.028726688844160436
1637;-0.01452047639866663
1638;-0.03553080609095488
1639;0.02673890878336067
1640;0.022087970264378354
1641;0.0848979408694099
1642;-0.03794320217208281
1643;0.06752029427529721
1644;0.006438927531751375
1645;0.011836442613986264
1646;-0.035850309513109406
1647;0.02184488294683291
1648;-0.004341277382263229
1649;0.10900163580301012
1650;0.08336282603903428
1651;0.1279530409872976
1652;-0.054859350315081344
1653;0.007915299155231424
1654;-0.051709819649556864
1655;-0.052262417391985706
1656;0.09189534135116602
1657;-0.0033393586181708203
1658;0.04539897733488374
1659;0.09187662397114395
1660;0.07787856058773457
1661;0.0370022890497583
1662;0.02384448061972904
1663;-0.04759992282859031
1664;0.03941052061140965
1665;0.026956322546474353
1666;-0.022815343049534677
1667;0.061757027587302955
1668;0.032164397181628175
1669;0.011457968898083806
1670;-0.043546591229519434
1671;0.11203675051029877
1672;-0.022492386204971807
1673;0.005996668465311501
1674;-0.10080371567827001
1675;0.006031044072814211
1676;0.0430045940563231
1677;-0.005363147465222937
1678;0.08119942801263136
1679;-0.05448874892802664
1680;0.06300106209560269
1681;0.03482314165838133
1682;-0.014715725124968201
1683;-0.026220790366238304
1684;-0.033731181404243527
1685;0.06223475665973808
1686;0.04322421190839634
1687;-0.07240083963115496
1688;0.006948166009446624
1689;0.018654532240090588
1690;0.007805372428448862
1691;0.16666389567086567
1692;-0.009097144139542053
1693;0.10170298147913727
1694;0.04965298098410955
1695;0.028981328742365663
1696;-0.003523203397936783
1697;0.007272709545286488
1698;-0.01562160533016197
1699;-0.0697893107867992
1700;0.07107198784957162
1701;-0.020875342166308854
1702;0.04066880273532462
1703;0.017813328007936065
1704;0.11327258955189932
1705;-0.002550926465917769
1706;-0.057788215345250936
1707;0.009757326623794853
1708;-0.005040903321362577
1709;-0.02507083181451165
1710;-0.0022674515124290907
1711;-0.025825088350793095
1712;0.0349331986297436
1713;-0.12829960703984283
1714;-0.0037342530705805643
1715;-0.010757136891215283
1716;0.05226580471309632
1717;0.021293604413742458
1718;-0.03183006497190703
1719;0.036920042906360064
1720;0.016464779323605256
1721;-0.010577958829752702
1722;0.03757542011175687
1723;0.020682155635457916
1724;-0.016059454770796008
1725;0.04850985804303391
1726;0.013082626903034224
1727;0.0389622530299323
1728;0.041151071364630525
1729;0.03497435575354004
1730;-0.03366496326144187
1731;0.017172720777687972
1732;-0.05475469998038193
1733;0.06203424405002963
1734;0.04048658828428089
1735;0.029094516060736594
1736;0.015044286944439307
1737;0.08972708316812998
1738;-0.028161440136334762
1739;0.06627907480852357
1740;-0.009683007130437033
1741;0.05370586521270099
1742;0.0025569807797485565
1743;-0.024089239687245224
1744;0.016443124896539985
1745;-0.007963948337223031
1746;0.025558395299176483
1747;0.00956768505309128
1748;0.05855622420655848
1749;0.17612090461457514
1750;-0.040206938430911665
1751;0.1130741306597163
1752;0.06636733532686165
1753;0.037264159856780166
1754;-0.007775021670732229
1755;-0.009581955090377079
1756;-0.03600787201665043
1757;0.022666516931403747
1758;0.07886009141712379
1759;0.01658892864486347
1760;-0.023107954421383282
1761;0.044690287776719656
1762;0.049994938455715926
1763;0.004619524069095604
1764;0.002273727818846538
1765;0.12161650913783988
1766;0.0260024300333599
1767;0.05168824454423145
1768;0.030444163433454036
1769;-0.020912156697285696
1770;0.012129659666045995
1771;-0.022332940106889368
1772;-0.019876611604290134
1773;0.01091031550929216
1774;0.0727599273897981
1775;0.010654498701906618
1776;0.004445808909476483
1777;0.13106727138774588
1778;0.005405052641228139
1779;-0.021167154485274155
1780;0.04414440937018838
1781;0.004185567508657755
1782;0.05028558998459658
1783;0.0026364339412677396
1784;0.04612390547810776
1785;-0.005498612743326561
1786;0.027800854439783366
1787;0.010488673604958053
1788;-0.022210872417588092
1789;0.03941519976056384
1790;0.03752675269549414
1791;-0.01199467450299565
1792;0.0380463646339561
1793;0.032139478547436935
1794;0.004371093594363487
1795;0.0016642460695430827
1796;0.08706251339534617
1797;0.06890475453443216
1798;-0.02360978238686812
1799;0.08922487151294049
1800;0.0218462906948767
1801;0.022773669973470446
1802;0.026029005461462303
1803;0.0018029066701683405
1804;-0.054877168662002304
1805;0.02963086025890064
1806;0.018949002072290427
1807;-0.011035248103389819
1808;-0.027580616355258058
1809;-0.033561591041549266
1810;0.053376636603346836
1811;-0.0011679440374837214
1812;0.08121097857317934
1813;0.07876088595404425
1814;-0.03895314971155202
1815;-0.04538194168360818
1816;0.08371557528692676
1817;0.04257879672418156
1818;0.013700653706632693
1819;-0.03604500393437135
1820;0.013757186315590246
1821;0.07191058432149816
1822;-0.024648903708852147
1823;-0.041296118828335435
1824;-0.001152488676533494
1825;0.06354220771007249
1826;0.0770696227645
1827;0.04079498253718256
1828;-0.052148394220048
1829;-0.028888710736018907
1830;-0.03904763319496581
1831;0.001900688201761369
1832;0.0795363189503992
1833;0.009779850305123574
1834;0.011735613991146466
1835;-0.025956168771107145
1836;-0.006502212844939379
1837;-0.050131487286702026
1838;0.012735262673503485
1839;0.01907256698535946
1840;0.11653094393054815
1841;0.09134138281707721
1842;-0.024629564547007307
1843;-0.0186697187741683
1844;0.14732279174064658
1845;-0.050265398029647204
1846;0.0683664850634527
1847;0.001462360239185898
1848;-0.07372727591509659
1849;0.029881209127362352
1850;0.06344517060539047
1851;0.061733839519837234
1852;0.0617724687439474
1853;0.017996951384563004
1854;0.02800972939653917
1855;0.08910977801808855
1856;-0.005268043384303808
1857;-0.06703595918860288
1858;-0.010581494749325203
1859;-0.06971085106642576
1860;0.06777356148262001
1861;-0.039537704073286904
1862;-0.019428347171773483
1863;-0.03148374908974546
1864;0.05526902256289887
1865;0.012022784647951
1866;0.019838810861325697
1867;0.033719815144413585
1868;0.08798365500126422
1869;0.024531515671357484
1870;5.3467652401337775e-05
1871;0.0026009490579863835
1872;0.04492354359150937
1873;-0.04221708844978707
1874;0.0019988476501175967
1875;-0.0018541639137227151
1876;-0.003368592724453805
1877;0.08392651843019522
1878;0.034026338102216155
1879;0.03531495672318925
1880;0.11699277833945558
1881;0.03646845457160382
1882;-0.011243962410726595
1883;0.06428238837722276
1884;0.041201293398066385
1885;-0.007243548612720901
1886;0.10481267521036258
1887;0.017232126443093847
1888;0.043344699765073075
1889;0.055950840210059735
1890;0.03497558476838719
1891;-0.007757836688956843
1892;0.026174207828264285
1893;0.006642167706275757
1894;-0.03669364239716316
1895;0.008759494027163868
1896;0.026811706304846295
1897;0.06267600044196683
1898;0.08054143219472663
1899;-0.039257468137699474
1900;-0.016417154309929315
1901;0.032100916783742973
1902;-0.003728144635011006
1903;0.017100742136332912
1904;0.012485626631955142
1905;0.01091937638246378
1906;-0.0035450211106206097
1907;0.03242940273128724
1908;0.05357752371749356
1909;0.019110784655388215
1910;0.046258727603070614
1911;0.012928367119291977
1912;-0.006766115524491312
1913;-0.03764964204271308
1914;0.08736146020815568
1915;0.04123841284756154
1916;0.045512341935197466
1917;0.0023212292122822475
1918;0.05139516282102633
1919;0.017138899073677435
1920;-0.02022205685478667
1921;0.028093469568540003
1922;0.018499248214270667
1923;-0.003845604793588251
1924;0.01734451655671705
1925;-0.029009267285020714
1926;-0.02754282915013107
1927;-0.025145410060179074
1928;0.03427035314378031
1929;-0.0036068268200580176
1930;0.022066868870049775
1931;0.035022087875453425
1932;0.042529098558590446
1933;0.013626389671950108
1934;-0.017624332858843843
1935;0.004080809654242898
1936;0.05116480931202517
1937;-0.020838892006445064
1938;0.03778712294679394
1939;0.09081872963195067
1940;-0.014118734684448526
1941;0.11466932491843479
1942;0.0063475157990812645
1943;0.05537596764355257
1944;-0.047456052313435464
1945;-0.014253149046065233
1946;0.01893023569556405
1947;0.056025395962415556
1948;-0.011409211647144132
1949;0.05476304343759409
1950;0.004596070259712093
1951;-0.05868559567527882
1952;-0.015064477421238677
1953;0.09702926605244983
1954;-0.07611813836538019
1955;0.02284412423230407
1956;-0.015976594385968924
1957;0.014221291840440528
1958;0.049203143694058295
1959;-0.03897359737476904
1960;0.023245086700935502
1961;-0.013600162705510286
1962;-0.03400562618362656
1963;0.001859979445692801
1964;0.0884396541079377
1965;0.09543310308973289
1966;0.07643742176811145
1967;0.020762833497929307
1968;0.03253335981021934
1969;0.12576297627775104
1970;0.05137141730152848
1971;0.06567188830249364
1972;0.08406157935621522
1973;0.03476909097448555
1974;-0.05590877659226862
1975;0.033215755746217185
1976;0.017004498784435357
1977;0.03433773268791569
1978;-0.0009043298403372546
1979;0.014035257865623691
1980;0.04706457086802345
1981;-0.008713927141524636
1982;0.06234183073568829
1983;0.04184362702734973
1984;-0.011026857742548373
1985;0.013379640916293596
1986;0.046437917635617935
1987;-0.021864996573626883
1988;0.10110438070334765
1989;0.026614089583354
1990;-0.03795439095228972
1991;0.08029322450917448
1992;0.07025846322714785
1993;-0.004820434389262402
1994;0.06398540375152777
1995;0.010677011090140241
1996;-0.012806928021465751
1997;-0.10758367008250119
1998;-0.050804481296925275
1999;0.07023746693003005
2000;0.02920959402086524
2001;0.006474996322130693
2002;0.028641598845288597
2003;0.0624238048486518
2004;0.007893689655250852
2005;-0.02751115129705056
2006;-0.019718009378619287
2007;0.0008852565070773721
2008;0.055061707715151155
2009;0.04558734479318943
2010;0.06249454511381572
2011;0.010978382921787499
2012;0.06240925113266499
2013;0.008369164563084154
2014;-0.07069516144551187
2015;0.06641965379930938
2016;-0.00921552534730381
2017;0.04867772860887513
2018;0.06817290289493244
2019;0.04306711818193307
2020;0.05883919541845529
2021;0.09572512678874574
2022;0.06308022371646445
2023;0.030787824015619237
2024;0.012920766066397249
2025;-0.025005700807186317
2026;0.05022112785500383
2027;0.007084488577361725
2028;0.02609388356425299
2029;0.08208934101095451
2030;0.00910249923550893
2031;-0.0048755412110924115
2032;0.03816334092941915
2033;-0.008381528957097685
2034;0.023997663781015036
2035;0.010756615337335802
2036;0.05639330381261203
2037;0.007406735383591183
2038;0.08570609492809651
2039;0.09725893992584503
2040;0.031056500572304913
2041;0.03895848322227465
2042;0.03626205544862486
2043;0.10011156775544534
2044;-0.025564328924704966
2045;0.08611374558555468
2046;0.10829218333522889
2047;-0.036396304610462664
2048;-0.00642395880109774
2049;0.05079495620488061
2050;0.07342662676732871
2051;-0.04574702240334602
2052;0.07808127258734672
2053;-0.006564187364752314
2054;0.03763509808704441
2055;-0.029268178815194546
2056;-0.020475627121129207
2057;0.01331894043065887
2058;0.00043598083737791173
2059;-0.02129331036907189
2060;0.01346759366519251
2061;0.07534649559455346
2062;0.07928659556955636
2063;0.030197334319461505
2064;0.10550681630313122
2065;-0.003155036051342819
2066;0.09784395861202427
2067;0.014450505601293741
2068;0.018077557218961145
2069;0.047563241971497236
2070;0.053059886050917694
2071;-0.024564718522777154
2072;-0.040518099604465195
2073;0.020330823511779384
2074;-0.019509375475358866
2075;-0.013436374007817734
2076;0.10591739243218058
2077;-0.09852588815084204
2078;-0.010326458846657545
2079;0.03704227529089835
2080;-0.017214385040637124
2081;0.012237865016514889
2082;0.0415502991411239
2083;0.03101150416686707
2084;0.01966521575596474
2085;0.03902056156259093
2086;-0.031857481412144464
2087;0.003197373989924017
2088;0.06037876794411275
2089;0.08572019339589247
2090;0.027493849841454504
2091;0.014852818682462328
2092;-0.00017448984001674716
2093;-0.05351836524721577
2094;0.022564952800995287
2095;0.10428760947708952
2096;0.028376492079554366
2097;-0.06093163769764587
2098;0.037114575915974085
2099;0.044415283843288765
2100;0.08973158081882077
2101;0.040299716940456
2102;0.0647477051317793
2103;0.02685607677592344
2104;0.03686900731442549
2105;0.056901743860101564
2106;0.0227101047666676
2107;0.08338395385243771
2108;0.011636962002944813
2109;0.010733687870781949
2110;-0.014288893728365367
2111;0.04734431557836089
2112;0.02228810489646335
2113;-0.011198692925730995
2114;-0.0529425027500595
2115;0.03009554431880872
2116;0.019029669689337253
2117;-0.002204850990217153
2118;0.10141123794528141
2119;0.05323926812730107
2120;-0.03554974223223553
2121;0.10369102480693712
2122;-0.021328701588744253
2123;-0.007126681578221507
2124;-0.016538635626806127
2125;0.07109951064900287
2126;0.051587203453336485
2127;0.027304084452005384
2128;-0.006133265316797321
2129;0.051360386391462495
2130;-0.028531167988683423
2131;0.01262672414677894
2132;0.00385458191312722
2133;0.002342293236535511
2134;0.007889772968658662
2135;0.03539173585443692
2136;0.06532280939792784
2137;0.01128923660053374
2138;0.004200785293030833
2139;-0.03648329411343809
2140;-0.046136452639273955
2141;0.01135085941052452
2142;-0.041358239798413333
2143;0.10543123173247153
2144;0.018098414676444036
2145;-0.07725378613093539
2146;-0.002670233097214805
2147;-0.021255772031167054
2148;-0.023474884957177408
2149;-0.04901468893585701
2150;0.029264423213353864
2151;0.02990578692861277
2152;0.010534692574338606
2153;0.04265626260157319
2154;-0.014012864378142354
2155;0.035526391715321494
2156;0.08695220123608635
2157;0.027607833512844026
2158;-0.0508552277165856
2159;0.005540412658030931
2160;0.044545603855416685
2161;-0.021134344338713477
2162;-0.07163263885347121
2163;0.01517237836041673
2164;0.02440995884721204
2165;0.06656527537948989
2166;-0.022472669339988583
2167;-0.02867727887766506
2168;0.06440562207933383
2169;-0.0022683081690260563
2170;0.009922094142752087
2171;0.032309126729073226
2172;0.11570361195491287
2173;0.004825084106805804
2174;-0.024974470473760276
2175;-0.029544420407782327
2176;0.07725600378171976
2177;0.0633539740104277
2178;0.07061623691505801
2179;0.0038808750612521693
2180;0.07550101275295006
2181;0.023693089607033927
2182;-0.053160393743442856
2183;0.0027543726932994163
2184;0.048793547294554145
2185;0.0004411166550495693
2186;0.01305989338289578
2187;-0.015609713892851715
2188;0.06464114713038427
2189;-0.005658548187904841
2190;0.05408661214673941
2191;0.0010122790388962244
2192;0.030752625706763438
2193;-0.012547374606019162
2194;0.00895910615414337
2195;-0.02347863480560491
2196;0.07598398696086406
2197;0.031012750492901375
2198;-0.02885561022023637
2199;0.009389708187497802
2200;0.03276625178199083
2201;0.07228365973713437
2202;-0.051834137672420295
2203;0.053075417302871554
2204;-0.023238211186404952
2205;0.031562122031517245
2206;0.041291250767837795
2207;0.047269245181050794
2208;-0.05072377665674281
2209;-0.09402638311915297
2210;-0.0330999395499289
2211;0.07005240182604382
2212;-0.024835611126445657
2213;0.03627466980362499
2214;-0.023930527619138643
2215;-0.011212228638943458
2216;0.00620261910874504
2217;-0.03618395736678536
2218;0.00935476478910985
2219;0.037104337244281
2220;0.0011342178065387998
2221;-0.04749749299371359
2222;-0.06389355359477847
2223;0.04642099857664348
2224;0.06647415633602634
2225;0.046025557358391894
2226;0.10287759972363446
2227;0.04279086068023048
2228;-0.016298785078483747
2229;0.02915628993595348
2230;0.05261725556258682
2231;0.002313678205307639
2232;0.043746711253998004
2233;-0.01852004673239378
2234;-0.05157386127082475
2235;-0.012794249589661745
2236;0.03057211619655547
2237;0.12879547096049151
2238;0.011319051818789774
2239;-0.047061982141260617
2240;-0.0922150742044066
2241;0.011978835366488028
2242;0.010406050079001545
2243;0.08819722367523126
2244;0.07139379879306489
2245;0.05660931496959961
2246;-0.022437956767867463
2247;0.035173199914586346
2248;-0.04026373000935493
2249;0.036207255563328856
2250;-0.001956750643115299
2251;-0.009531988330683703
2252;0.11841339353174703
2253;0.04426641400671301
2254;0.05482175274874066
2255;-0.02579773176982428
2256;0.08153570508028835
2257;-0.00847455479429982
2258;0.0018895628633272565
2259;-0.07924203194042931
2260;-0.026972769265780697
2261;-0.014072581141113432
2262;-0.0023081285336110113
2263;0.059010687556882574
2264;-0.06296931757187921
2265;-0.04369979854080981
2266;-0.005984927959764405
2267;-0.0028728089726206465
2268;0.01932854610538243
2269;0.03840997028618105
2270;0.12070282320023651
2271;-0.05718728547525671
2272;0.04547766415233994
2273;0.039284784290731525
2274;0.0019028309732442494
2275;-0.03555096147172875
2276;0.13412380244857644
2277;-0.05062636419716341
2278;0.07534963107812316
2279;0.039141323121372126
2280;0.06833812597238918
2281;0.027697493869132613
2282;0.04595946069921439
2283;-0.03289630328023364
2284;-0.042450404004678005
2285;-0.03670556042370322
2286;-0.0181364846441474
2287;0.010855449353286133
2288;0.029242996414624543
2289;0.047306284070998995
2290;0.03147145766114548
2291;-0.036792178098169044
2292;0.024220120527122618
2293;0.07128016514622715
2294;-0.02197071628480245
2295;0.0026850799675128202
2296;0.013776977382967459
2297;-0.028306752462100064
2298;-0.023574840785198035
2299;-0.07683455765844244
2300;-0.07134372100513801
2301;-0.02177333613068825
2302;0.06143930499389512
2303;-0.012790684754490371
2304;0.0417524149263086
2305;0.017195058166781223
2306;0.09813270145762715
2307;0.015942071948360736
2308;0.03217415266001183
2309;-0.012581455442603726
2310;0.0035081016328068417
2311;-0.018443966415157574
2312;0.014521702445429129
2313;-0.02427904990194378
2314;0.0711088780864337
2315;0.041821724665468026
2316;0.002311024630832179
2317;0.006737121820345351
2318;0.03676809439154155
2319;0.058965279898304884
2320;-0.008218795782663619
2321;0.03155217084272308
2322;0.05404172953441758
2323;0.045861313770660245
2324;0.09848465141142909
2325;0.031721344738863594
2326;0.07316160026368919
2327;0.04204243264537808
2328;0.020111084938801725
2329;0.055564088186091286
2330;0.03985631910456732
2331;0.018212730812458063
2332;-0.019508831018242887
2333;0.0835762273769636
2334;0.039439002271364244
2335;-0.009469535999491257
2336;-0.025807072756681607
2337;0.015022814949679173
2338;-0.009508368456362746
2339;0.06844781219017221
2340;0.0179121165472516
2341;0.026142259005554253
2342;0.03950446751211942
2343;-0.03759273593784627
2344;0.034114152002847786
2345;0.031973278054177004
2346;0.08848025343515403
2347;0.0036924969031817056
2348;0.04428855840407337
2349;0.0436427421380381
2350;-0.030108916173706604
2351;0.06989394219134823
2352;0.07312340258604905
2353;-0.005349680335355486
2354;0.0381314107668129
2355;-0.044894122957039005
2356;0.04848966748388662
2357;0.06015041460817528
2358;0.10490152247091884
2359;0.025682427448817435
2360;-0.048912707943470794
2361;0.03524731954825896
2362;0.0022143496138555463
2363;0.03977946303448448
2364;-0.059310060528063674
2365;-0.08765792666860406
2366;0.012319898247387044
2367;0.0055233547907798195
2368;0.07859863686859044
2369;-0.04348748339798973
2370;0.032940529094374116
2371;0.02442622301941583
2372;0.013850116039293425
2373;0.062391035332803
2374;0.07884936761212671
2375;-0.022019597191505938
2376;0.030042430265220476
2377;-0.004976324904987877
2378;0.05124020738349671
2379;-0.07298570778932316
2380;0.039095464548833544
2381;-0.021184302612178244
2382;0.05833758528653817
2383;-0.024478221950723765
2384;0.01989725018059275
2385;0.03210215028077542
2386;0.016543729982619198
2387;0.0752057043433672
2388;0.029596405480557735
2389;0.013788918182693947
2390;-0.009765620792162508
2391;-0.04450331471104946
2392;0.03399744900641792
2393;0.0028588925726214143
2394;0.04958926745243744
2395;-0.012935264680917128
2396;0.07462107994824095
2397;0.09474069337861124
2398;0.02666667337845553
2399;-0.015554627828488776
2400;0.05532857965785396
2401;0.05217490733917288
2402;0.06421837939013145
2403;0.050666841957762755
2404;0.14340366967444879
2405;0.09858057540863911
2406;0.019714841308142893
2407;0.014578690913495222
2408;0.07427802543194843
2409;-0.004725909226537226
2410;0.010812256667975362
2411;0.026785725945990463
2412;0.006843094877482656
2413;0.02577827723956716
2414;0.006755824806003829
2415;0.013119738238194003
2416;0.016839998629137227
2417;-0.009373770471081571
2418;0.07854224021816435
2419;-0.00037860548585641143
2420;0.06104837736371266
2421;0.10063259170579371
2422;0.08657190898557858
2423;-0.05878837058701663
2424;-0.019475140650363442
2425;0.007112561423584083
2426;0.055966290883303176
2427;0.02414166699028385
2428;0.052794287907848625
2429;-0.001134895072492128
2430;-0.05337248843002143
2431;0.02344420262493955
2432;0.016893953134445354
2433;0.03733676491959969
2434;-0.009191341929815878
2435;0.0349456713149678
2436;0.12004461105980412
2437;0.09000406261818654
2438;-0.04604557375711309
2439;0.04089496471501747
2440;0.030691842317833107
2441;0.0732888486861367
2442;0.011789032531353456
2443;0.028134732628091682
2444;0.03069131798581864
2445;0.08674928380286402
2446;0.05800088997675502
2447;-0.005603353128495457
2448;0.007670556064524021
2449;-0.07969104244849604
2450;-0.04659154874551845
2451;0.05323361747612537
2452;-0.06987574560874933
2453;-0.010916296835278701
2454;0.0408640640640337
2455;0.0447515721278387
2456;0.052812787507740495
2457;-0.019726990009283442
2458;-0.0049905246392954435
2459;0.04888603199321409
2460;-0.007439881703918019
2461;0.054788204331444205
2462;0.02000090654474107
2463;0.0368537550854839
2464;0.06794764124555996
2465;0.057011751517366066
2466;0.03186938507966275
2467;0.03971643462205577
2468;-0.022730526961473884
2469;-0.04035384858921333
2470;0.05477564837307369
2471;0.07692812219729021
2472;-0.05161000660311828
2473;9.79440840168877e-06
2474;-0.004848370268958888
2475;0.05814191636175252
2476;0.07350771641196459
2477;0.009364113121175705
2478;-0.010191912423581471
2479;-0.007518089309188838
2480;-0.027444214429817464
2481;0.06258701785937319
2482;0.01592039333544747
2483;0.006180791307824194
2484;-0.02149647289484662
2485;0.10494627559764154
2486;0.0077851202568356825
2487;-0.04957535127433957
2488;-0.02204133621407749
2489;0.027493174771388452
2490;-0.03906207953425536
2491;0.035312082278597785
2492;0.044489972758255475
2493;0.09117773229065974
2494;-0.029177301639311252
2495;0.03907221346804277
2496;0.05248716775967608
2497;0.07158218937620248
2498;-0.02079670215238579
2499;-0.0577720317861376
2500;0.022922177432651836
2501;0.0632721680303014
2502;0.025404675699034273
2503;0.05016737300864023
2504;0.08756665853595294
2505;-0.023800496319873757
2506;-0.07007929673750837
2507;0.041738208636071195
2508;-0.019456528921061818
2509;0.10674604448883145
2510;0.0018578110581717055
2511;0.03781706144995553
2512;0.011792492164725417
2513;-0.0012028842679248442
2514;0.05063638678529656
2515;0.006127884982386434
2516;-0.0075957884419875655
2517;0.03168540448794104
2518;0.055559171662159915
2519;-0.008292645368792933
2520;-0.057305601926904044
2521;-0.07230934704168959
2522;0.022740476119655
2523;0.003334595282584445
2524;0.08663684107284865
2525;-0.024913779600321675
2526;0.07726520505842728
2527;0.05628346041890936
2528;0.08907019315153192
2529;0.004154450643715677
2530;0.04690403998398864
2531;0.052051411067816106
2532;0.08821757688616173
2533;-0.022994648083156335
2534;-0.013414780959550683
2535;0.0169533709213043
2536;0.013552880865738644
2537;0.021600144958512858
2538;-0.0074783102382114915
2539;-0.01813263874564299
2540;-0.047960785989511125
2541;-0.004202928404700543
2542;-0.0645439466540725
2543;0.02724807311222534
2544;0.039211487041310986
2545;-0.035061082304625305
2546;-0.003988029269786182
2547;0.020290946954556688
2548;0.04150519823890491
2549;-0.00868714986321578
2550;0.0016204114084411004
2551;0.10365125652199296
2552;0.022342980597896796
2553;-0.008258987811086343
2554;-0.018172213161957985
2555;0.04081498743279369
2556;0.056530252220621406
2557;0.009875098424612077
2558;0.034786871622894754
2559;3.124514965620051e-05
2560;0.09485833325779396
2561;0.01271037733394877
2562;0.03685959639626631
2563;0.08066194246985006
2564;-0.002546244537044231
2565;0.03273335231704209
2566;0.031016272352098754
2567;0.05830780619545408
2568;0.04548018724691076
2569;-0.06628540291325422
2570;-0.02041429065702687
2571;0.01742518459655102
2572;0.013445444395986215
2573;0.02771720931114956
2574;-0.05793342370371718
2575;0.08441115100689657
2576;-0.04177953887904124
2577;-0.022945340490800135
2578;0.059926883587804694
2579;0.010485431369159103
2580;0.0005012351131281889
2581;0.026464415876807548
2582;-0.05272598933499111
2583;0.06121971474447534
2584;-0.06865768837195063
2585;0.018992744653708087
2586;0.02269738324376476
2587;0.016743997661331774
2588;0.08338596013768168
2589;0.03206307861986147
2590;-0.04670894255814801
2591;0.10397688108640595
2592;0.07027148331742808
2593;-0.012590332539242865
2594;-0.03328897186304744
2595;0.03647669831550829
2596;0.04553562072938959
2597;0.09688159066859185
2598;-0.011177808124825645
2599;-0.02500821113298798
2600;0.026059476821138218
2601;0.06423951012948749
2602;0.01563386373007518
2603;-0.03554512360954604
2604;0.027495756153467426
2605;-0.011947140361419742
2606;0.022843533959189415
2607;0.013584029400885954
2608;-0.024862660082925318
2609;0.01866418664324357
2610;0.008195710499259547
2611;-0.01739520652683737
2612;0.0212686273614932
2613;0.04760604094876839
2614;0.05197599031733517
2615;0.026074255429373635
2616;-0.04245894721190879
2617;0.01880984229558351
2618;0.06472792628684118
2619;0.025069244697415626
2620;0.06347299728185817
2621;0.04745895754682834
2622;0.07687614891269703
2623;0.00039072730296794587
2624;0.00476378079268585
2625;0.0006570475474146065
2626;-0.015746558905082964
2627;0.02118347581486276
2628;0.05858467769948362
2629;-0.05251539458992667
2630;-0.019410991292678405
2631;0.021824294818574116
2632;-0.002293768015196207
2633;0.05719362656314203
2634;0.05731439557547205
2635;-0.03470385590268862
2636;0.009451740354647456
2637;0.046536292451644104
2638;0.031052243449639434
2639;0.007654273867373433
2640;-0.001972473659864562
2641;0.047101692725049986
2642;-0.06756463610659252
2643;0.035323552930859564
2644;0.09370633732638424
2645;0.06747166177975884
2646;0.10220182141583294
2647;0.03845386645592768
2648;-0.017793124837641585
2649;0.07643258361596494
2650;-0.03565645381621181
2651;0.010920708240816736
2652;-0.08224206244859573
2653;0.02080850467178138
2654;-0.03275383443585582
2655;0.02105334513647989
2656;0.04186530774404474
2657;-0.019656100962418037
2658;0.05699590960222722
2659;0.003981728967269618
2660;0.055797534898506314
2661;0.02972509671933679
2662;0.0567820123303315
2663;0.08775916298292614
2664;0.009780238990157102
2665;0.02076290746587105
2666;0.0284790489506031
2667;-0.01907022483535485
2668;0.07118883294229335
2669;0.03894477223047105
2670;0.0599320100691952
2671;0.043622972577714164
2672;-0.003714132694266965
2673;-0.00046673475283640184
2674;-0.09873236076902785
2675;-0.020275277660449405
2676;0.023050493593455883
2677;0.08110145432337162
2678;0.08722167930116981
2679;-0.05198170364803474
2680;0.027190906074509656
2681;-0.06192416664665174
2682;-0.07008297341151774
2683;-0.004510191294000805
2684;0.08285835497074928
2685;-0.05154614465856028
2686;0.06580017181286735
2687;0.04199252189065021
2688;0.07142184526685938
2689;0.030611291231956272
2690;-0.043351809593197996
2691;-0.040452558580794
2692;0.05322207418532798
2693;0.07912098356397677
2694;0.07495280476823211
2695;0.004687066623455252
2696;0.0022255878110559024
2697;-0.034341011777521115
2698;0.09124021303499319
2699;0.031347492411962746
2700;-0.04953324931824213
2701;-0.012140975034135977
2702;-0.0004371503827862
2703;-0.01114161270935
2704;0.053532158631248876
2705;0.017104164681164918
2706;0.03831156226026195
2707;0.023475771262363453
2708;-0.011913733615721185
2709;-0.007601022204380286
2710;0.007028757781206707
2711;-0.006860462054352041
2712;0.02289711728601418
2713;-0.005970303390365928
2714;0.10578800404453076
2715;0.0328257495035389
2716;0.0752016062754646
2717;-0.004347339652319988
2718;0.0803352314634938
2719;-0.003016605743331553
2720;0.03225877084817896
2721;0.019453992172866065
2722;-0.004469477759768807
2723;-0.02379108660076639
2724;-0.05739089370901937
2725;0.020064470045105195
2726;0.00021925430456207096
2727;0.026736089007895602
2728;-0.033753093571374106
2729;-0.019210265784812462
2730;-0.044642587947581094
2731;0.018069378111177342
2732;-0.007430060642724072
2733;-0.022816606855074043
2734;0.034134568799423025
2735;0.004067051841381612
2736;0.02405354675812049
2737;0.04232873454454136
2738;0.05978492939803146
2739;0.06744506731351323
2740;0.01499758900428418
2741;0.03607295817623296
2742;0.013142811789683436
2743;0.024831104813905113
2744;0.008058084344984024
2745;0.046299561339141065
2746;-0.04816485861405667
2747;0.07723459555178948
2748;-0.050489292984221945
2749;0.007324952512142317
2750;0.009696903177074319
2751;-0.040138084124782834
2752;-0.02988848598783491
2753;0.010281559765639372
2754;0.001551431148898672
2755;0.0067760142949732935
2756;0.04987320470271257
2757;-0.039232059779480154
2758;0.024794522279073732
2759;0.035119920588701205
2760;0.03706969768564306
2761;0.001317296403220638
2762;0.012157837470372641
2763;-0.01067400210385415
2764;0.007831161886866056
2765;0.010601354110200134
2766;0.012769714105020853
2767;0.007629815663505326
2768;0.033160557210303525
2769;-0.01355903607778501
2770;0.09439568303344842
2771;0.04234217963182445
2772;-0.027485195959562673
2773;-0.014617518951756382
2774;0.016423362469401893
2775;0.02911075412293428
2776;-0.033506111980448595
2777;0.04057017057878525
2778;-0.007527047648423206
2779;-0.041600614136202266
2780;-0.0431444067793791
2781;-0.02956774075552886
2782;-0.01150956899266248
2783;-0.004750430617645094
2784;-0.07489246936372737
2785;0.011569796664950616
2786;-0.0006108858098569669
2787;-0.0034877246727354817
2788;0.008305237604916584
2789;0.06042984710948858
2790;0.027288595413939732
2791;-0.02022472382648658
2792;0.05486529626050512
2793;0.08020001307990383
2794;-0.018753395327886436
2795;-0.06288788008913727
2796;0.02416735381306708
2797;0.10454335720762771
2798;-0.0024880477074452757
2799;0.05254251815157659
2800;-0.0013253319888590909
2801;-0.007287380774186261
2802;0.10090733495192979
2803;0.02356372622320819
2804;0.12785108345862412
2805;0.0541363330942832
2806;0.09438640642662904
2807;-0.047865890802948174
2808;-0.048720251850504465
2809;0.13477077548042843
2810;-0.010040381099340152
2811;0.006512572165480179
2812;-0.05301920518124802
2813;0.06713854215038523
2814;-0.04434225100311579
2815;-0.0005406122252156819
2816;-0.019004764607742003
2817;-0.018438332084488848
2818;0.007593776809120811
2819;-0.07617012826264599
2820;-0.0003456410042225855
2821;-0.041306392692546864
2822;0.09790557987678256
2823;-0.0070026430099274254
2824;0.08611576765174873
2825;-0.06256610658220467
2826;-0.03468368699915984
2827;0.058062070150094625
2828;-0.008327206894037431
2829;-0.0013411529494536012
2830;-0.006459454006011498
2831;0.0005122049531489381
2832;0.031807528775498355
2833;-0.007552431196360061
2834;0.0004956773953519189
2835;-0.0023450309984222885
2836;0.0077422075502443025
2837;0.02101409320562027
2838;0.008022412010215021
2839;-0.003229792194182721
2840;-0.006400756100571954
2841;0.07128104597693237
2842;-0.012069351136607764
2843;0.04864094909030655
2844;0.002432439660254033
2845;0.03471500380324244
2846;-0.03124338768606208
2847;0.01561223778354062
2848;0.020532470380525893
2849;-0.016380016207060918
2850;0.055893052195144864
2851;0.08333434991412503
2852;0.05384895112174519
2853;0.05938693113755079
2854;0.019876501736343782
2855;0.05743129840940739
2856;0.05157149766128484
2857;0.043495152223478044
2858;0.07071707674071263
2859;0.06674330679875552
2860;0.10284880648580412
2861;0.09816442953908493
2862;-0.023168209555476837
2863;0.06425760305986074
2864;0.07636131622421047
2865;0.044636498910285385
2866;0.023369286045308257
2867;-0.10735578452115306
2868;-0.005688601644375382
2869;-0.01798515406327951
2870;0.04728018681243256
2871;-0.049036242992617926
2872;0.007864736999714524
2873;0.008096235919018256
2874;0.062408606427690076
2875;0.03488105788982707
2876;0.062272325520528256
2877;0.06639556886905723
2878;0.04504843420387573
2879;-0.04307658570796832
2880;0.16128755134591644
2881;0.040483924792586376
2882;0.04961809600838365
2883;0.022303405936430636
2884;-0.007784105565868345
2885;0.05907581678135258
2886;0.07626227802091677
2887;0.021171464789503602
2888;0.006443032899384349
2889;-0.0005260501890327874
2890;0.11789775544728158
2891;-0.01198427204827297
2892;0.01804393578549508
2893;0.09033142241246878
2894;-0.012181627968488158
2895;0.01919701105964549
2896;-0.008921719271794472
2897;-0.0063161864282423605
2898;-0.013442017150041181
2899;0.03686653421677562
2900;-0.02310150632321296
2901;0.018508839702188168
2902;-0.014852024679731101
2903;0.03355584404431397
2904;-0.017288752141185738
2905;0.048652242207428455
2906;0.010748844697718028
2907;-0.0939399238652436
2908;-0.013367088280369756
2909;-0.0004539661918897764
2910;0.059105463343350095
2911;0.04086703613193393
2912;0.00898684611521233
2913;0.013773785632827043
2914;-0.035464178620967034
2915;0.03916182280418283
2916;0.09850991263750415
2917;0.060112819608901163
2918;-0.024444749230611223
2919;0.017135217677136723
2920;0.046365274670948795
2921;-0.006545054358444418
2922;-0.014068092024091925
2923;-0.010836373805406226
2924;-0.03309374606901642
2925;0.0367091579585221
2926;0.00885296163542094
2927;-0.0011204152670177337
2928;0.007199512297783031
2929;0.03653260254933798
2930;0.008575837592511988
2931;0.01926464391361506
2932;-0.004507243547908217
2933;0.0005674155628771871
2934;-0.008966150132164756
2935;-0.008291000621392897
2936;-0.04542428428461733
2937;0.03215362371836278
2938;-0.002918417954511625
2939;0.0005539090201658325
2940;0.049817638846832324
2941;0.07158901255276717
2942;0.0058825113410523495
2943;0.059054096957682704
2944;0.0762776539432582
2945;-0.011628625316638618
2946;-0.013484498133235405
2947;-0.03143364376071574
2948;-0.00692226278109743
2949;-0.029122801872674842
2950;0.0052603609519476895
2951;-0.0005503949260697994
2952;-0.020494001914109532
2953;-0.02211871233333156
2954;0.012159362972215603
2955;0.04448757111672166
2956;-0.0634464599636577
2957;-0.007046051610864623
2958;0.039595699608516666
2959;0.07010376337519773
2960;0.008586300304172028
2961;0.07205204200161547
2962;0.08325205226009544
2963;0.010943868031811944
2964;-0.045991564624571456
2965;0.03494747611511471
2966;0.0540469549682922
2967;-0.031937625915177535
2968;0.005046442109267559
2969;0.021283328587728932
2970;-0.011814490901284103
2971;-0.012206210763933143
2972;0.07599366588449313
2973;0.07666445522205208
2974;0.022971846177110677
2975;0.07079522192992244
2976;0.08105015079238768
2977;-0.0012447681945396028
2978;0.008790867398397637
2979;0.03650726126369406
2980;0.0807256475798475
2981;0.04188515965029893
2982;0.043501137785497974
2983;0.0499808904322461
2984;0.06307611303458899
2985;0.027546001220068065
2986;-0.06191737755470669
2987;0.026460900775209666
2988;0.05706226676842903
2989;0.108330505764266
2990;-0.04220112798372014
2991;-0.03544861725280754
2992;-0.07472987716363164
2993;0.014846237350748765
2994;0.055053986722085425
2995;0.07173449804858592
2996;-0.0013439698407903223
2997;-0.03226555360474834
2998;-0.06608203975001543
2999;-0.05489683768019916
3000;0.05004215928455096
3001;0.03160404610263726
3002;0.11321773208322412
3003;0.07316252173831743
3004;0.05743599466142129
3005;-0.03436370307388373
3006;0.00499729823387554
3007;0.004646078388033317
3008;0.035564148847267066
3009;0.0031724878657981037
3010;-0.003336901467564104
3011;0.040561905500539695
3012;-0.000362571128659539
3013;-0.0024163932963931246
3014;0.03127214371464831
3015;0.019183662208750292
3016;0.010976747636751015
3017;0.0023217624024036354
3018;0.03981134679543459
3019;0.031238077216527244
3020;0.03888388470484316
3021;-0.03717812930502547
3022;-0.021623350266011983
3023;-0.012070336532392787
3024;0.05178920506867996
3025;0.04983892831979503
3026;0.0292392984038203
3027;0.06066920567295071
3028;0.07327838941798433
3029;-0.05377004360771906
3030;0.02660478121923944
3031;0.017754925576020354
3032;0.03139761781572829
3033;-0.0001287435034031148
3034;0.012331835512801774
3035;-0.05615662469410438
3036;0.009744586522996172
3037;0.06471066410821961
3038;-0.04447004327639022
3039;-0.001398502638660517
3040;-0.06489486786440594
3041;0.02983003507267938
3042;0.030536347849758415
3043;0.016831514165017297
3044;0.010939061693484149
3045;0.05728799233273492
3046;0.07184856734178012
3047;-0.03946500232893328
3048;0.07233948461020517
3049;-0.06179112079236987
3050;-0.04014414967039315
3051;0.07624612889622014
3052;-0.034898563295055564
3053;0.05584231891234566
3054;0.041321972812317115
3055;-0.06340772558237674
3056;0.061709484232359134
3057;-0.0856773362469137
3058;0.05972112151674864
3059;0.05920293635379721
3060;0.0009670795710854919
3061;0.03993931967848468
3062;0.059628121434074186
3063;0.023417940984686254
3064;0.09986304117838543
3065;0.019176560125446825
3066;-0.06685372216507701
3067;0.030389740791427044
3068;0.00027776835977206816
3069;-0.003770817826246713
3070;-0.026996410689742165
3071;-0.03406365812007863
3072;-0.03373700542451104
3073;0.057352364739888625
3074;0.0637993236562238
3075;-0.05021273936144894
3076;-0.0027698406105875505
3077;0.00015767473510663876
3078;0.04805336135337228
3079;-0.0557003065568577
3080;0.06188665897028201
3081;-0.02104635222166564
3082;0.03277781642748281
3083;-0.027265006244328305
3084;-0.039170214716603056
3085;0.0510647531435977
3086;0.06719663435338162
3087;-0.08493356183269711
3088;-0.004589386163741835
3089;0.04274622780387304
3090;0.05352842297009047
3091;-0.027488954335417048
3092;-0.0241640404846774
3093;0.15769234652791098
3094;0.018360949527983905
3095;0.040664286393938626
3096;-0.06453290318400647
3097;-0.0026840001889198105
3098;0.07403428390780292
3099;0.007978547967343274
3100;-0.0013219355966089096
3101;-0.00663044095490605
3102;-0.08602179461435966
3103;0.061534961365017155
3104;-0.008538893936401877
3105;0.03910731993767811
3106;0.04733966581949616
3107;-0.04401906193415329
3108;0.05397836487277985
3109;0.09010027589939228
3110;0.0024894312254286886
3111;-0.014799173014631038
3112;-0.04864368929849533
3113;0.013136251446822485
3114;-0.0266697467781475
3115;0.02048780504924565
3116;0.08031198178394262
3117;-0.0447374810379398
3118;-0.021605720983587987
3119;0.07725700162455794
3120;-0.050902236347677106
3121;0.012495322606181247
3122;-0.015188787805335124
3123;0.06088232734100402
3124;-0.01900250980507096
3125;0.10251713219861984
3126;0.0624797223881275
3127;0.00845870981937111
3128;0.03290192933647745
3129;0.0058609005372669285
3130;0.03850010173354775
3131;0.027089643811328015
3132;0.010984532207253466
3133;0.020614154846060585
3134;0.07576012351425376
3135;0.12727898146492536
3136;0.026995731100483766
3137;0.08790935779577083
3138;0.032582019743456384
3139;0.04618164127795239
3140;0.016771363169271608
3141;0.06907117125306868
3142;0.08025428373876607
3143;0.05817390926466686
3144;0.011192492260866374
3145;0.03746012973989423
3146;0.08463868491672982
3147;-0.018509527398432937
3148;0.008635137691165511
3149;0.055037050390726
3150;-0.027532612503196816
3151;0.007675465775746915
3152;0.001213011824694945
3153;0.008430738989364243
3154;-0.018200169259730073
3155;0.04402352514082836
3156;0.0016797554489029665
3157;0.052105851455240784
3158;-0.023234748553854132
3159;0.051698977070760745
3160;-0.028407501896579104
3161;0.05838411727480477
3162;-0.005265070186503636
3163;0.03331530945663829
3164;0.009867997124344895
3165;-0.010658506905472365
3166;0.006113761127759005
3167;0.05244122398726489
3168;-0.00452995875237832
3169;0.018289946372149046
3170;0.04961617460039463
3171;-0.10370695804331262
3172;0.018521275254345115
3173;-0.05456929559148236
3174;0.059668693077147734
3175;0.05546988638498277
3176;0.0637866411553425
3177;-0.04186007802400539
3178;0.0881499086333595
3179;0.043283323966666384
3180;-0.022992807794415454
3181;0.07283418583786869
3182;0.026829589725017228
3183;0.04631163401503244
3184;0.11801292610541793
3185;0.035018552758695025
3186;0.026684513596901382
3187;0.029135325803251674
3188;0.025651906000446586
3189;-0.07409134720807359
3190;0.03258628168986078
3191;0.0467301502637811
3192;0.004397873415418871
3193;0.038724788518895964
3194;0.08428484950739375
3195;0.02497339010891267
3196;-0.006297946122459592
3197;0.0036085705699765926
3198;-0.06325566383298507
3199;0.12003220285184725
3200;-0.018694706130891917
3201;0.05078405171173927
3202;-0.016490667034818926
3203;-0.031219774885658323
3204;-0.03664234182089103
3205;0.0015478714912380554
3206;0.0283245092357744
3207;-0.00534763190854406
3208;0.05105352877879781
3209;0.058549061023365
3210;-0.050238870997051065
3211;-0.008003447145127325
3212;0.022254312381968476
3213;0.0466207691157237
3214;0.004076515039673296
3215;0.0634175373972117
3216;0.02504294210051583
3217;0.05751718617627816
3218;0.06696573190718197
3219;0.038808918899418926
3220;0.059498293611171676
3221;-0.005697453660038292
3222;-0.015369463918841858
3223;-0.05548455246866823
3224;-0.032504373713316
3225;0.018245801850307542
3226;0.039592077252578406
3227;0.03000310591418412
3228;0.028504566794688345
3229;0.0610080857756958
3230;0.005894369814234608
3231;-0.03657266053339299
3232;-0.08901516175573505
3233;0.03994385154097728
3234;0.043207349329710494
3235;0.1070554128555166
3236;-0.020476329255493652
3237;0.09028952486335086
3238;-0.005441883887444732
3239;-0.008762296205404425
3240;0.013890915394001694
3241;-0.02512785952400833
3242;0.05432564103714625
3243;-0.06335016697899377
3244;0.05218874639686021
3245;0.002025429595491346
3246;-0.014482323296102493
3247;6.670295219478817e-05
3248;0.08350008239729717
3249;0.02236694642318241
3250;0.02675183474273595
3251;-0.0054111440314687795
3252;-0.021172388233055273
3253;0.017662473970219993
3254;0.01793020251196097
3255;-0.00626921012139519
3256;-0.042977087450760364
3257;0.020875771863172476
3258;0.025265734142310096
3259;0.012897292897333159
3260;-0.004774879405495085
3261;0.014534971982193952
3262;-0.06038767047596366
3263;0.005141159083511724
3264;0.06163448732538285
3265;0.019730826960295787
3266;-0.008643371906802599
3267;0.08730536613147023
3268;-0.0032994528382501187
3269;-0.019660064377779774
3270;0.14162178389404587
3271;0.06328907006507321
3272;-0.03041606720477688
3273;0.04218041598945319
3274;0.05662317629969493
3275;0.14654403934980764
3276;0.03946722503598238
3277;0.011616897171335693
3278;0.07747734983462791
3279;-0.052048878987358334
3280;0.07720171234728454
3281;-0.05055273971371179
3282;0.027252028291536876
3283;-0.022114111575798744
3284;-0.019577622075356373
3285;0.09497112637312938
3286;0.06874803905221726
3287;-0.0035195035736416
3288;0.04679631246198653
3289;-0.004673506583435909
3290;0.058078595467650304
3291;0.010078916152962166
3292;-0.027631165054516914
3293;-0.09228110252665886
3294;0.03413660243226886
3295;0.00971848154851628
3296;0.07300690234217284
3297;0.02402790054111591
3298;0.07153403782662422
3299;0.03549220765317344
3300;0.062463257551163026
3301;-0.0003222894234640705
3302;0.07464863076377554
3303;0.03263175642597773
3304;0.05619677228174979
3305;0.08142708720301868
3306;0.07292247811795051
3307;0.0059987920133548304
3308;-0.05518884138227889
3309;0.024152692941890024
3310;0.06503919555173666
3311;-0.05458789571389886
3312;0.007836083279153456
3313;0.0027487156128174206
3314;0.021786192310995604
3315;0.10398454023927783
3316;0.08022182412967169
3317;0.0022251722047126068
3318;-0.01804055147144453
3319;-0.056062901377371334
3320;0.0041642433614892125
3321;0.0745499929799584
3322;0.037543408338285504
3323;-0.04145918248840985
3324;0.07504044420217611
3325;0.09061551737467141
3326;0.06716744993160063
3327;-0.022317395706853916
3328;0.10743305070937012
3329;0.02761872289182037
3330;-0.035381881743613376
3331;0.12496053903361187
3332;-0.01757517857362288
3333;0.07059172038366085
3334;-0.06352537966682277
3335;-0.04373945777636294
3336;-0.04435637632639484
3337;-0.061251104042608515
3338;0.050210745587829564
3339;0.06197649438647048
3340;-0.016339889621390994
3341;0.001813833675065979
3342;0.05569946123335967
3343;0.04921653334415879
3344;-0.022097710712246654
3345;-0.017292590342732835
3346;-0.030389486712984422
3347;-0.04400225714240108
3348;0.02883778552564536
3349;-0.008954609314140214
3350;0.05119030903491464
3351;0.07512582190386424
3352;0.04085441513718635
3353;0.04899645294916226
3354;-0.01840398971273288
3355;-0.0072414147632088085
3356;-0.012003362573645404
3357;-0.0016593147277403375
3358;-0.07562610949948251
3359;0.026742478735694276
3360;0.03155007484015144
3361;0.04007744856842635
3362;0.04004591738657254
3363;0.0029076932784816733
3364;0.04319507328624866
3365;0.11308335489391695
3366;-0.04402976596569033
3367;0.034019703886230414
3368;0.04834569415913606
3369;0.030210059882343644
3370;0.03387659231457405
3371;0.011926143968623393
3372;-0.0077755392170091395
3373;0.02781134192308656
3374;0.05415191627818672
3375;0.009250301611072303
3376;-0.05884471434412816
3377;0.0776870664269407
3378;0.05916171226084117
3379;0.012945480643399065
3380;-0.0012755223397805083
3381;0.08270187912687192
3382;0.027577515981502786
3383;0.02854432517724817
3384;0.008588481757180659
3385;-0.08603934020220123
3386;0.023314885592633488
3387;-0.06726395943928395
3388;0.0013443871574555998
3389;0.05891232874853827
3390;0.08192841453365034
3391;-0.04762241502545123
3392;-0.05714069909911757
3393;0.028420889583991454
3394;0.07994912813922311
3395;0.09286444521295295
3396;0.030045731859384972
3397;0.0599246437180696
3398;-0.034564474772392516
3399;0.02169627215638897
3400;-0.028910802048883112
3401;0.0494892037083585
3402;0.022101591033710975
3403;0.04175163225421358
3404;-0.026533051685504603
3405;-0.032553064986402945
3406;0.01960005307302197
3407;0.049441254785616166
3408;0.06940625745565285
3409;0.08898675326082355
3410;-0.022175782337958198
3411;0.0661511574259957
3412;0.02069171507027946
3413;0.009829213223209194
3414;0.021675274448423636
3415;0.03421192786412064
3416;0.02482187625368823
3417;0.0647707884289133
3418;0.035759755663256954
3419;-0.056189131729565106
3420;-0.04413922911481677
3421;0.04284895728093801
3422;0.03165918705873636
3423;-0.01183693697986996
3424;-0.0031009768231672298
3425;0.061225512406687554
3426;0.024730426451221775
3427;0.016173298287147447
3428;0.061302653378747324
3429;0.032431048171889645
3430;0.02683740315366137
3431;0.09665369393238323
3432;-0.02336589905358139
3433;0.034410594693708135
3434;0.039425259504853614
3435;-0.07140455672167448
3436;0.011716222792936435
3437;-0.024810133766803803
3438;0.10397327226134025
3439;-0.0565124597127334
3440;0.11581201409438237
3441;-0.037942072091040016
3442;-0.021077875416853686
3443;0.049880175364728385
3444;0.002626916667911985
3445;0.052635505730538344
3446;-0.001651261121696166
3447;0.05133923005471758
3448;-0.00902525651134951
3449;0.01888532905582636
3450;0.03558322879747621
3451;-0.047133197369346506
3452;0.010581413061245114
3453;0.07198898287673444
3454;0.014147277029948384
3455;-0.008101329991895341
3456;0.059114392223822136
3457;0.11983328718118173
3458;-0.04859279069928576
3459;-0.017035866455260732
3460;0.028959192338130747
3461;0.035563406271873245
3462;0.015890496499188344
3463;-0.025434444310740646
3464;-0.045669866049698415
3465;-0.0378869369990619
3466;0.030758982363839636
3467;-0.05459470383031757
3468;0.0852370289601096
3469;0.011596368863981325
3470;0.01280301712646974
3471;0.18694938512370457
3472;0.0027321852069228216
3473;-0.05320332790999672
3474;0.15029229189383983
3475;0.014657701525864581
3476;0.01959649991702534
3477;-0.0013415277182173212
3478;-0.03862278218805543
3479;-0.04214776754182267
3480;0.0018157811828170623
3481;0.006326449889110677
3482;-0.00803171854185777
3483;0.019539551912989738
3484;0.02956355123986711
3485;-0.00015431668478427696
3486;0.053554876566721955
3487;-0.05426045116312423
3488;0.06972352408509863
3489;0.00986750638235634
3490;0.03301426150881696
3491;0.06270132714593019
3492;-0.040550877080015084
3493;0.10596007407806113
3494;-0.06707590328766429
3495;0.009385045187695767
3496;0.06914082892897838
3497;0.014972710728635263
3498;0.03278128017460858
3499;-0.027522104602401072
3500;-0.0022259289754853737
3501;-0.006221874795266871
3502;0.00055140815520204
3503;0.03372222434168009
3504;0.058058366125896155
3505;0.13853062418612921
3506;0.05805271597629428
3507;0.01427286831157801
3508;0.023879781591119097
3509;0.004629731637928387
3510;-0.01700934896162366
3511;-0.012662330722542662
3512;0.044230655143381765
3513;0.056029838697519804
3514;0.04611881827532074
3515;0.05689746032410767
3516;0.009556257337373069
3517;0.0857843747060241
3518;0.002244965481687444
3519;-0.005644609625167618
3520;0.06681572888275354
3521;0.040906637391431244
3522;-0.010373887902042469
3523;0.06867359817321315
3524;-0.016296089427541034
3525;0.003884530847031016
3526;-0.017304645477070155
3527;0.05271439642159237
3528;0.042617508922950124
3529;0.10772050752242165
3530;0.019413767886373706
3531;0.042567661360155995
3532;0.02910578505573838
3533;0.01216327276267279
3534;0.04621468359323373
3535;0.034615685805112976
3536;-0.02404464460851699
3537;0.02136637440632768
3538;0.06367845511160226
3539;0.09505880607497104
3540;0.04971623072026105
3541;0.07846515707354683
3542;0.10806262368645506
3543;0.006429527706138174
3544;-0.02829031754388467
3545;0.05545675722718272
3546;0.025078896203900598
3547;-0.019908748762802162
3548;0.061688048805525426
3549;0.011907363730447144
3550;0.0013830574038433952
3551;-0.03720046178162434
3552;0.033410659273924066
3553;-0.018920799287811717
3554;-0.05976338728696291
3555;-0.03796614957258896
3556;0.007222410408770372
3557;-0.054149943098217364
3558;0.006742441286005771
3559;-0.030142572203381946
3560;0.004786358250252931
3561;-0.03313123767822461
3562;-0.0382575464838834
3563;0.010498611653398769
3564;0.002546744853042071
3565;0.0500351649843185
3566;0.060898120598708944
3567;-0.014232913440923624
3568;0.04327230551797129
3569;0.15527323997934417
3570;0.005032386272106635
3571;-0.005324529148866333
3572;0.022383139568449336
3573;0.06850339312896495
3574;0.03040127939291267
3575;0.0922715310519142
3576;0.020425816960562882
3577;0.008947708268054697
3578;-0.010083653532926319
3579;0.0895362518102587
3580;0.05907282307853905
3581;0.082730546219626
3582;0.039051407035615854
3583;0.03653775867392326
3584;-0.039366145107047
3585;0.024896718030567512
3586;0.059091841013259906
3587;0.025499343730952688
3588;0.04470083146626962
3589;0.043027007674047296
3590;0.0612109696342138
3591;-0.02671690262027667
3592;0.08011595331350335
3593;-0.04084343805436916
3594;-0.0687298907779808
3595;0.009297585037816702
3596;0.012933635405045578
3597;-0.028384641447644014
3598;0.01794262111446997
3599;0.07996170465118439
3600;-0.0018016444274877585
3601;0.035115578020287044
3602;-0.01098566153919279
3603;0.018055391944032096
3604;0.06407912480979207
3605;0.12485819792903669
3606;0.0007587117660395392
3607;0.07503644019365296
3608;0.06688694333604574
3609;0.042007208323951065
3610;-0.03233713949108889
3611;-0.07545321192026862
3612;-0.05559587679741284
3613;0.12820679109511743
3614;0.014238842995876695
3615;0.03108293438221608
3616;-0.03605055013370148
3617;-0.012575216381004424
3618;0.05697949831157828
3619;-0.029077635743282995
3620;-0.0320421487352607
3621;-0.027464820815953743
3622;-0.019554546626257406
3623;0.05245957440950761
3624;0.012964779005510251
3625;0.11264398696398188
3626;-0.018921653318559918
3627;0.08963169009654863
3628;-0.009884441982434709
3629;0.006366907380079425
3630;0.013967623620935399
3631;-0.016149013361897602
3632;-0.10429982124113821
3633;0.024018600939403285
3634;-0.030241348512946898
3635;0.013966154922597838
3636;-0.02541079698294638
3637;0.0748056466726365
3638;0.04452413680851634
3639;-0.008815852877455796
3640;-0.05932154420297238
3641;-0.01703106082679568
3642;0.0010604595853709498
3643;-0.0006847825447250954
3644;-0.05052121493918264
3645;-0.008625632486159702
3646;0.00891221006145443
3647;-0.0003989400154324585
3648;0.07043389979134346
3649;0.03559916541757005
3650;0.03986901295847815
3651;0.005064707641912775
3652;0.11615961951700797
3653;0.10647012572400798
3654;0.003519107299773765
3655;0.06662118429251067
3656;0.04821003969092132
3657;0.018715953272540987
3658;-0.034041382573927595
3659;0.011970867398786993
3660;0.050115780245078415
3661;-0.020041347358725828
3662;0.036697005294890346
3663;0.05651242513785476
3664;0.04714427845844995
3665;0.07214294627033553
3666;0.10355772656936367
3667;0.013121807948810443
3668;0.04595574244543371
3669;0.013438766559904707
3670;0.06604850956855572
3671;0.01643506150489671
3672;-0.030016637259487028
3673;-0.08392976768760263
3674;0.003940176494838851
3675;0.0005188468357057729
3676;0.06010089474489092
3677;0.05816806234204492
3678;-0.02471632234636985
3679;0.04908887101269684
3680;0.011754353508234061
3681;-0.021050617009424285
3682;0.06405567616510964
3683;-0.02521791108002418
3684;0.013673302540521064
3685;0.051506486242805634
3686;0.031730133367961176
3687;0.07345449682917106
3688;-0.002592583354396254
3689;0.09463543099114276
3690;0.04187718264906295
3691;-0.0508542320117445
3692;0.052120784705229684
3693;-0.01636093550000197
3694;-0.009595536737769094
3695;0.05982787028322349
3696;0.044154051164386775
3697;0.03007301217262153
3698;0.03228519587915031
3699;0.029686318156390286
3700;-0.07784802717906984
3701;0.04528116115279388
3702;-0.03510110358258928
3703;0.049246387072230675
3704;0.059800112909179005
3705;-0.041114710025124734
3706;0.0963141906138189
3707;0.023079894588010175
3708;-0.004157568942540593
3709;0.03285409717543317
3710;-0.02281755061228395
3711;-0.005293274345126661
3712;0.011663153327368576
3713;-0.004285412565318722
3714;0.03083720872398857
3715;0.07107262576382652
3716;-0.028991431318870154
3717;0.07574505514351287
3718;0.029615776924957232
3719;-0.020499812379324
3720;-0.012129554006442049
3721;0.10641264745351094
3722;0.03561938339697491
3723;0.10744780428629383
3724;-0.037732648783807436
3725;0.014587897003136164
3726;-0.029567469961802432
3727;-0.02806818793620934
3728;-0.016600899304248743
3729;0.030048299338375273
3730;-0.028249789093505628
3731;0.015035437482662388
3732;0.05510034084884594
3733;-0.054595445329330514
3734;0.017581495080243315
3735;-0.04602498967665241
3736;-0.08666673036149547
3737;0.08844570520473055
3738;0.07506271627421895
3739;0.07377366065079542
3740;0.002957057652202053
3741;-0.015544529291941984
3742;0.06345595151858334
3743;-0.004720629907670144
3744;-0.039929171563490226
3745;0.08521831253632613
3746;0.032371611381218204
3747;-0.047096109783675504
3748;0.031169250514172547
3749;0.008786633675846645
3750;0.013884178384949734
3751;-0.007719339136021688
3752;-0.025148990006736368
3753;-0.04120879621917865
3754;0.026474287270574166
3755;-0.0182979829033944
3756;-0.013173214914901763
3757;0.02567920285944524
3758;0.0031701434826291574
3759;-0.008462965586999048
3760;0.014266381246094114
3761;-0.04485385706225827
3762;0.09639578463447095
3763;0.013758339280983307
3764;0.00694044326804871
3765;0.03916708731460432
3766;0.0902361798246578
3767;0.08903761280364123
3768;0.04112418616932146
3769;-0.029140168710426764
3770;0.04794348348546237
3771;-0.02550833990315695
3772;0.07962702842103099
3773;0.011317964864592227
3774;0.033575791424071896
3775;0.024164817612272883
3776;0.010444544741532837
3777;0.08970174476484133
3778;-0.008733873749177263
3779;-0.02070472484544382
3780;0.0019236023711164307
3781;-0.004793454313418834
3782;0.05374758314590693
3783;0.03221924703330913
3784;0.06167207771511457
3785;0.026162689581268522
3786;-0.037330233327044764
3787;0.018854424938267014
3788;-0.005560141277927783
3789;-0.07047180250615995
3790;0.07877618956143934
3791;-0.02218302960299383
3792;0.03442742161465361
3793;-0.026402201404021212
3794;-0.06280272250136391
3795;0.11097971247531532
3796;0.05687337466275338
3797;0.0006877665257674437
3798;0.11049147959993462
3799;-0.010787649346931404
3800;0.05833486031074145
3801;0.01110579207815391
3802;-0.013606824505619529
3803;0.029750970585734393
3804;0.033190381005816505
3805;-0.02403001213865423
3806;-0.033625888390924105
3807;0.01869839823757829
3808;0.039410194956131475
3809;-0.03877929878764789
3810;-0.0636954815767146
3811;0.06621126580882518
3812;0.042570141471024954
3813;-0.0066233378877420535
3814;-0.0120988444324351
3815;0.011409376054465382
3816;0.04299914848017394
3817;0.04863608589215446
3818;-0.024428430972119487
3819;0.002332061665710512
3820;-0.0030287265139861573
3821;0.15618034543668016
3822;0.06174139574524247
3823;0.09079029357898832
3824;0.03603276957892504
3825;0.046965742536112035
3826;0.0010862911358093185
3827;-0.005249961831291898
3828;-0.049296292949658496
3829;0.04570772602850752
3830;0.10759207938779695
3831;-0.0291899364442439
3832;0.04721297080597566
3833;0.02187879119231525
3834;0.05656100981310104
3835;-0.03460870969944494
3836;0.010747735091139816
3837;-0.0033069375759137644
3838;0.055906159808380804
3839;0.06474147976192256
3840;0.07420085382894853
3841;-0.013191784887754637
3842;0.05574595469487065
3843;-0.036882848184752536
3844;-0.02878027670733161
3845;-0.025994736679610497
3846;-0.0036605586682011905
3847;-0.017812840791900868
3848;0.009574554070929083
3849;0.03470900030409666
3850;-0.0293595165989737
3851;0.14153417892890446
3852;0.06229635040259751
3853;0.03736319327217004
3854;-0.06932990679554578
3855;0.004993464663615157
3856;0.026050798647269745
3857;0.03327763019623276
3858;-0.003373804572835013
3859;-0.05924249623526791
3860;0.06213788494745387
3861;-0.03523743997000764
3862;0.08786474161983421
3863;0.06781270436468816
3864;-0.007945490221115676
3865;-0.05267048737187338
3866;0.01461277131297038
3867;0.032637387506864145
3868;-0.002509227166524539
3869;0.0015552283495199504
3870;0.03598954207009086
3871;0.005180635055881595
3872;0.038169582438017643
3873;-0.000996738227762961
3874;-0.01085627761775271
3875;0.052484176610441156
3876;0.0279298577395744
3877;0.01318174831054904
3878;0.04211736512228484
3879;0.01558158973322918
3880;0.012159783876234372
3881;-0.015543577888724229
3882;-0.03459106307807858
3883;0.14542500467556407
3884;0.023868273499357145
3885;0.051773549969611
3886;0.015291043930473194
3887;-0.008568269477795099
3888;0.04590833935412292
3889;-0.028584728501465123
3890;0.010959585388518888
3891;0.054430653837931546
3892;0.013845371527695818
3893;0.005245162235707426
3894;-0.00656158127569924
3895;0.008616558158683887
3896;0.019031063457103415
3897;-0.0008574236114053236
3898;0.11008332334677036
3899;0.03512280140543496
3900;0.056054182078215435
3901;0.015102357118213804
3902;-0.01666360437302046
3903;0.024463140139554296
3904;0.051283245418253076
3905;0.041255680836989654
3906;0.09844426088616373
3907;0.028955994610224706
3908;0.06516471639301429
3909;0.0421125214262679
3910;0.0688965608985508
3911;0.014838265046162747
3912;0.1083913358376394
3913;-0.025293870214729567
3914;0.09416346288275947
3915;0.07313197193724391
3916;-0.025630518941863016
3917;0.02634688359028118
3918;0.03595077789926023
3919;-0.02677065222580495
3920;-0.021385005103261676
3921;0.02390787269315652
3922;0.04500677964451711
3923;-0.0011477477998506913
3924;0.030272887799561658
3925;0.006183896172010179
3926;0.07177877879680537
3927;-0.05668115763029505
3928;0.06865301450596434
3929;-0.033081429575818506
3930;0.03649631035363157
3931;0.043954638532653974
3932;-0.006020294233843373
3933;-0.03603173976140482
3934;0.06492064417776205
3935;0.08776347575694501
3936;0.00028272156678866623
3937;-0.008440021657380755
3938;-0.017482747633579123
3939;-0.01745936266791375
3940;0.025734191055042144
3941;0.03940745206557523
3942;0.014447291882446507
3943;-0.02306638313757446
3944;-0.025933346366528838
3945;-0.011106093479356786
3946;0.00033000845896395957
3947;-0.038241223487292614
3948;-0.020563711011005806
3949;0.07959095344387081
3950;0.010983815908446104
3951;0.05381006661026902
3952;0.01948010546851961
3953;-0.008613335389386094
3954;-0.03826918704299771
3955;0.07033573426642349
3956;-0.03362783029412782
3957;0.011648960164824586
3958;-0.05834537271811555
3959;-0.03519812824696515
3960;-0.012516396778864021
3961;-0.009778707925659375
3962;0.009929582658353696
3963;-0.011209241282469974
3964;0.0028104299721761093
3965;0.047158931403684504
3966;-0.01713282515968757
3967;-0.05198067178609634
3968;0.0004424833750937296
3969;0.023235098667282017
3970;0.03962349233935854
3971;0.08980332824593716
3972;0.033592235165146034
3973;-0.01718043648494813
3974;0.07957476321838626
3975;0.029611111456815848
3976;0.08422475813173008
3977;0.022422537787936393
3978;0.03128419462362018
3979;-0.09488413676618805
3980;0.0617211034220216
3981;0.04985459403190887
3982;0.014886931077251262
3983;0.010912038109214421
3984;0.05233175167204834
3985;0.029525886307401095
3986;0.11101028480102457
3987;-0.005767062822831974
3988;0.09136548755894708
3989;0.10648880547116661
3990;0.019978360202321993
3991;0.06846968980139038
3992;-0.06796059062099033
3993;0.026246364225523705
3994;-0.04750589607296234
3995;-0.034247187377232674
3996;0.013957702168005142
3997;0.012225508768154186
3998;0.002104352999553498
3999;-0.05676016483326421
4000;0.11294550726649959
4001;0.03780657411028869
4002;0.013012541580796864
4003;-0.07526279255163644
4004;0.0006779245196190686
4005;0.10007866506273742
4006;0.015416848809740884
4007;0.0013888278905778862
4008;0.005539594345573562
4009;0.08903556510873528
4010;-0.009015365065733362
4011;-0.028983809102711717
4012;0.04964874252264835
4013;0.05519878429810788
4014;-0.022185981829232874
4015;0.04670581873689983
4016;0.03831386203721962
4017;0.003402159692015516
4018;-0.02406949777084051
4019;0.03888836179819947
4020;0.06619376598841768
4021;0.04567789378072007
4022;-0.01264550805400475
4023;-0.0335088456733969
4024;0.03916649414896895
4025;0.09666438136606544
4026;0.03846509290704432
4027;-0.008621645557614244
4028;-0.014353633407244217
4029;0.030514957994524253
4030;-0.034524953459411874
4031;-0.03018717953869384
4032;0.05103354700987836
4033;-0.0575713159806557
4034;0.09343991173632048
4035;-0.05263821639481748
4036;-0.1441933257680769
4037;0.11086280899833682
4038;-0.017183188664912877
4039;-0.022286305912642065
4040;-0.012618650091038859
4041;0.010720094461349703
4042;0.12261815298993994
4043;0.0034054773181939877
4044;-0.08443733818254742
4045;-0.042192949547595615
4046;0.09567075858132483
4047;0.04027632336565617
4048;-0.013327143403288489
4049;-0.0063731769964296345
4050;-0.06399100603287494
4051;0.010400284461889129
4052;0.08288404231399354
4053;0.14451941475536897
4054;0.05778348928111313
4055;-0.01190128896283909
4056;0.10164732070331524
4057;0.026294177270495708
4058;0.13389162101841606
4059;-0.015380259396246885
4060;0.07516557914737759
4061;0.011997681058037273
4062;0.00031549574160465
4063;-0.028146001049637305
4064;0.09803947629453248
4065;-0.012338067498341161
4066;0.06582555579476093
4067;0.107557659161142
4068;0.02395110461279586
4069;-0.0457223193876456
4070;0.0028861412544141274
4071;0.07238376697973138
4072;-0.016290693615500517
4073;0.08342322292486998
4074;0.0265600862090578
4075;0.01852683036274698
4076;-0.02235629765934476
4077;-2.939461197570381e-05
4078;0.027685722795674793
4079;-0.03319184606227637
4080;0.013683743185810329
4081;0.08248219397948446
4082;0.08462652218379503
4083;0.07422683414977542
4084;-0.02192467298032426
4085;0.026843037558638087
4086;0.094834393004801
4087;-0.07938828774077876
4088;0.032106791747990256
4089;-0.07804998961893332
4090;0.126512199422328
4091;0.06438970565035816
4092;-0.04294216383594503
4093;0.05079937803911122
4094;0.0950130116630939
4095;0.0911157049827584
4096;-0.022927959058514632
4097;0.10902503162424453
4098;-0.03226274536755781
4099;0.036182791763995394
4100;-0.00619324925546465
4101;0.05802025526166304
4102;0.05743516330062093
4103;-0.031290924048579714
4104;0.03574913811856661
4105;0.019413520225499924
4106;0.02592370398989871
4107;-0.023334166699768132
4108;0.04714777372403461
4109;0.05883445822398812
4110;-0.0580428808314511
4111;0.05576955639430239
4112;0.019285124528478404
4113;-0.01831972350679024
4114;-0.03845044344594143
4115;-0.02887512469300148
4116;0.026362359317341485
4117;-0.01692200213489613
4118;-0.035198205373950485
4119;0.05172319115036288
4120;0.005997614440261998
4121;0.031084975098823405
4122;0.08512656076487587
4123;0.06903813280173936
4124;0.03850668443197278
4125;0.0629644567328107
4126;-0.0167799261787313
4127;0.09274838267231872
4128;0.01550159386025058
4129;-0.0011090763247429435
4130;-0.008647432356305416
4131;0.018880129089728682
4132;-0.022627133513067575
4133;0.03610615617636086
4134;0.0666905835635157
4135;0.05529742275334144
4136;0.02412830138566832
4137;0.08890799061436311
4138;-0.017689586433605343
4139;0.024744475940756273
4140;-0.06427484595936221
4141;0.045340965041132934
4142;-0.019771602512719113
4143;0.06403343228286687
4144;0.03635813561254338
4145;-0.021311538379883217
4146;-0.004556396258808775
4147;-0.021218683744408936
4148;0.04195923686846825
4149;0.058049986486807655
4150;-0.03462769762748337
4151;-0.062122047923963634
4152;0.02849441578972062
4153;0.05860412943010758
4154;0.08071805025789218
4155;0.02722221895180681
4156;0.002310386369743753
4157;-0.007286441333160382
4158;0.015501571432883025
4159;0.03947413469897668
4160;0.052060377803929046
4161;0.024940335138942088
4162;0.010576776630493185
4163;0.030556903319219515
4164;-0.004452528081185108
4165;0.053721067494504095
4166;-0.03825374001085777
4167;-0.0009579553303382226
4168;-0.030379880764265295
4169;-0.04308221827984852
4170;-0.017344497976580157
4171;-0.0004758727286581177
4172;0.024043274489638406
4173;0.08988568055524951
4174;0.08275942121115933
4175;0.008449006880406671
4176;0.02418943589201092
4177;0.0876027053133042
4178;0.07150160507344765
4179;0.07689386606593644
4180;0.03255959060912289
4181;0.00307702358230614
4182;-0.017046344150557786
4183;0.07658620186208338
4184;-0.03402290032765535
4185;0.035961199946550976
4186;-0.033750365361985786
4187;0.1229292377465427
4188;0.049668852037848266
4189;-0.03557561470393068
4190;-0.012788255142183829
4191;0.03457093758239438
4192;-0.06772291585021165
4193;-0.014171949526661507
4194;-0.012430027626317895
4195;0.020585878648878123
4196;0.04461865375463759
4197;0.00409702423583937
4198;-0.04282828114093036
4199;0.07511303005123877
4200;0.007354961180576964
4201;0.0413203054427467
4202;-0.033354618749463466
4203;0.013030452816163347
4204;-0.0061329583037949935
4205;0.06641409670342056
4206;-0.050870909747360284
4207;-0.024426325923935507
4208;0.024353328042660678
4209;0.0930606981674616
4210;0.06800003266437954
4211;0.0024875661801119974
4212;-0.011872428441968168
4213;0.05511207339784789
4214;0.04321927135326959
4215;0.034511267789248734
4216;0.014054521364491422
4217;-0.025513997884901586
4218;0.010962784758950477
4219;-0.017383991893049427
4220;-0.01560779057193173
4221;-0.08207992324072194
4222;0.10283563915160343
4223;0.003802786825022935
4224;-0.036499776639701054
4225;0.027404105080977955
4226;-0.0026515576125957807
4227;0.03505874145721947
4228;0.09199751180352705
4229;0.012966655393039872
4230;0.010558060103775517
4231;-0.0036439396436058757
4232;-0.019260758315726604
4233;0.008818915176215398
4234;0.04315726604985357
4235;-0.057902569691258066
4236;0.015828322823437303
4237;0.004199411071291053
4238;-0.015637028406719936
4239;-0.01515452904300986
4240;-0.04929891984193304
4241;-0.04706889712922333
4242;0.0010030463156434166
4243;-0.002150990025645996
4244;0.012867035580978979
4245;-0.06373818608843634
4246;-0.041215384543572785
4247;0.019338698299740713
4248;-0.003744769930883507
4249;0.01975583120202117
4250;-0.0038845411026538555
4251;0.07349694628114946
4252;-0.018191657849331477
4253;0.06971195801439393
4254;0.11483280168842924
4255;0.10210427094298041
4256;0.03980443428427734
4257;0.08323802626060499
4258;0.07376352314334823
4259;0.09277694176629708
4260;-0.0041859586842222995
4261;0.0021840992252806757
4262;0.09564991948862116
4263;-0.0036009167429594414
4264;0.01988260760024744
4265;0.036510403913680704
4266;0.0330333511281367
4267;-0.011131051483148724
4268;-0.013504809077758466
4269;0.028898929036478904
4270;0.05609770989277976
4271;0.03268031656489896
4272;0.06421305721256829
4273;0.014604197083188098
4274;0.014537745533515363
4275;0.09326369174862408
4276;0.01142568010904526
4277;0.06385848890391799
4278;0.007547103951351062
4279;0.05983782891710177
4280;0.10930801493179927
4281;-0.022580280808649888
4282;0.14198100420340112
4283;0.03583504920551462
4284;0.03886972613739644
4285;-0.00441279604388157
4286;0.0040671901990680225
4287;-0.05221626525540799
4288;0.11704617838620407
4289;-0.019865866638373718
4290;-0.04744985780278171
4291;-0.03736259185902639
4292;0.021393999479207365
4293;0.06831475488022676
4294;0.04066484253220153
4295;-0.04225335757081922
4296;-0.009804929001881249
4297;0.015783051064893812
4298;0.01854379933372826
4299;-1.8886720924342625e-05
4300;-0.02146947282929233
4301;0.05152038851387374
4302;0.018047594234816843
4303;-0.015011373378527253
4304;-0.027449019288746258
4305;0.002393654988257765
4306;-0.024782690410747533
4307;0.00922117176591854
4308;-0.0005333398659965382
4309;0.06665458567375453
4310;-0.024408660113767553
4311;-0.09394617232447572
4312;-0.027279804995876303
4313;-0.0528955563999979
4314;0.0763041829392273
4315;0.03409301107297821
4316;0.06272335411808967
4317;-0.03639431886579771
4318;0.05495623844598455
4319;0.07214243934902796
4320;-0.04656741853529027
4321;0.014396989704821693
4322;-0.021580280182672454
4323;0.049727998745495085
4324;-0.0006577237912836154
4325;-0.020880088514882544
4326;-0.006182300165227872
4327;0.007114538233126524
4328;0.11231545226085188
4329;0.014728618807687183
4330;0.02669741733119096
4331;-0.030770408386046028
4332;0.02031972891905866
4333;0.03254027897081627
4334;0.029789085057087165
4335;-0.057848878189548
4336;0.10813479713634024
4337;0.06648384556242704
4338;0.06736122330940589
4339;0.02336634800059329
4340;0.12420286967303198
4341;0.07491306068548241
4342;0.03255686706624445
4343;0.06399978709276838
4344;0.052822427940131006
4345;0.04462210704625377
4346;0.09046100454304366
4347;-0.06822694214164343
4348;-0.03543745585150731
4349;4.793694528530068e-05
4350;0.02834656656038476
4351;0.08736679952244784
4352;0.04118994561520168
4353;0.04090159086163041
4354;0.03771081671362083
4355;0.026606801316116417
4356;0.04535764910240573
4357;0.015608763555589036
4358;-0.00544395165923234
4359;0.04351142749120811
4360;0.008941416583663368
4361;0.01703368251472327
4362;0.048456004181536796
4363;-0.03293647775497604
4364;0.01859962895139162
4365;0.060921200451924166
4366;0.014818154998152692
4367;-0.016664606717259858
4368;-0.022655531064982314
4369;0.07763860547110354
4370;-0.030603367022005157
4371;-0.03450333025403353
4372;0.03210893948990574
4373;-0.01803551471950243
4374;0.07589854942514648
4375;0.009925374940645356
4376;0.06271960527970151
4377;0.010778388459791444
4378;0.05132346319151935
4379;0.038870709981429885
4380;-9.754396934624765e-06
4381;-0.03231608100859731
4382;0.013006768050701539
4383;0.04989830540327645
4384;0.005674046853260535
4385;0.04812356783969321
4386;0.05239309889953162
4387;0.018988990268568956
4388;0.050449276747389436
4389;0.019498141513060004
4390;-0.028136467304602918
4391;0.005652785229911785
4392;-0.004159352358480959
4393;0.01619445106548653
4394;-0.02085665134751224
4395;0.04253644319938928
4396;0.044625966377804645
4397;0.014965711969821029
4398;-0.05953637123737735
4399;-0.002533680705019208
4400;0.03500782443262196
4401;-9.218200473469551e-05
4402;0.03843154497100471
4403;0.051644853041118634
4404;0.00994376297141585
4405;0.006523802419486628
4406;0.017255022024848615
4407;0.010384640347250524
4408;0.04032425861005123
4409;0.04047586241829123
4410;0.09030891637190748
4411;0.020622869176394543
4412;-0.012781681034515912
4413;0.017509019340364487
4414;0.007489319922197666
4415;-0.04077955874957794
4416;-0.048955301262789845
4417;0.052355773351179094
4418;-0.030659766368493137
4419;0.030859018329940254
4420;0.04046720010836282
4421;-0.021925523486717537
4422;-0.07048097097878085
4423;-0.049013501647376785
4424;-0.00933342015059594
4425;0.061781903166786944
4426;0.008953260129463701
4427;0.030621472571847903
4428;0.09119038440083443
4429;-0.02325450858961858
4430;0.01695191881877193
4431;-0.013400825280438369
4432;-0.007748211230165367
4433;0.04907731483611102
4434;-0.02422357288600594
4435;0.06824646391249445
4436;0.028140195665062036
4437;0.0033097565282756134
4438;0.07174333467594891
4439;0.012443188274207984
4440;0.018170872396146932
4441;0.0692237316985171
4442;0.026650451469903514
4443;-0.057152694278886855
4444;0.046490618442227995
4445;0.11343095042714595
4446;-0.02760214459765237
4447;0.0017181926237033452
4448;-0.043594050026746774
4449;0.027556488279078906
4450;0.058953744397905294
4451;-0.03290366187334812
4452;0.04953221589670264
4453;0.007922996948095572
4454;0.019962989899947842
4455;-0.025507849656206075
4456;0.03830827514889151
4457;-0.033835136794404266
4458;0.04269349076485213
4459;-0.03805610867592321
4460;0.04227419867462373
4461;0.07039977687705587
4462;0.01819004667609292
4463;0.08766193734171508
4464;-0.007263539226251794
4465;-0.058896701730879644
4466;0.1471694209640566
4467;-0.0762701962279344
4468;0.040602758681726525
4469;0.06192417792328683
4470;0.03973803756281356
4471;0.0830752563846822
4472;0.03550925194231482
4473;0.05218821393237547
4474;0.07568233861070879
4475;-0.013736925601135964
4476;-0.007308972938544116
4477;0.03382317162485023
4478;0.13895951802487488
4479;0.028535215143242282
4480;-0.004617385961250875
4481;0.005661593700511816
4482;0.08811548510586988
4483;0.0524385158234972
4484;0.018224697736575594
4485;0.009628023213009271
4486;-0.00754252697062114
4487;0.02651097620881899
4488;0.08915876289149736
4489;0.02205293736442286
4490;-0.020593854723621945
4491;-0.022755156941980915
4492;0.016432097609112618
4493;-0.036306675275732087
4494;0.07223403368892463
4495;-0.005474215501782993
4496;-0.04111007063138089
4497;-0.030182578960066736
4498;-0.00917732505312344
4499;-0.002615466532442383
4500;0.03764239981847879
4501;0.016616315699175887
4502;0.03935745635343622
4503;0.00340814548618809
4504;0.03986656217332879
4505;0.07054118240655755
4506;-0.08660289011427792
4507;0.029356664966904873
4508;-0.03129227051936383
4509;0.07422295034746781
4510;0.02865152452617778
4511;0.048368282475918394
4512;-0.00658842766513942
4513;0.07975279231290798
4514;-0.025176873164660378
4515;0.028861011488547916
4516;-0.04544907392090664
4517;-0.023235449271989665
4518;-0.03201233522242177
4519;0.02658552870103307
4520;0.045917127461031555
4521;0.05285950333940349
4522;0.036296671381026616
4523;0.048173467372990754
4524;-0.0026839235264084493
4525;0.10156239681212881
4526;0.1285986390181681
4527;0.00016935405262330505
4528;0.012034304727287974
4529;-0.02859550777407719
4530;0.03620328581960464
4531;0.049032595224227433
4532;0.04424045539517735
4533;-0.006714992741642049
4534;-0.005770675072861451
4535;0.08235758941587236
4536;0.029455361872397674
4537;0.06586164783862472
4538;0.014778767046067003
4539;0.01405010198255539
4540;0.05008933166453318
4541;0.05505027324914579
4542;0.060600499089967313
4543;-0.0005211113103497666
4544;-0.06499578519806776
4545;0.06768330439890136
4546;0.07212194576959491
4547;0.06465736315206413
4548;0.03014011497736476
4549;0.023071602788682526
4550;0.07683365828623166
4551;-0.01625709378944464
4552;0.027726691983768603
4553;0.057939217396536125
4554;-0.03464796214501803
4555;-0.017174252220449233
4556;0.07090594328549656
4557;-0.08458174472584531
4558;0.018786548319833684
4559;-0.026630376696141413
4560;-0.008361590660513514
4561;-0.010733266570567678
4562;0.06229831990304874
4563;-0.013622308467478205
4564;0.006299128563035197
4565;-0.02157143615154993
4566;-0.005464740611039076
4567;-0.055907399132997
4568;0.03845506036629431
4569;-0.04412865051350337
4570;-0.05203177617575804
4571;0.0430262711424156
4572;-0.0059213416406559815
4573;-0.005953929377692049
4574;0.013916238178973686
4575;0.004084447550670234
4576;-0.0540332350781037
4577;-0.05888114287667605
4578;-0.026290286649034444
4579;-0.05028336161477782
4580;0.06936936329328632
4581;-0.006817471095232008
4582;-0.06687743819880013
4583;-0.04292507958978334
4584;0.03928644329513631
4585;-0.01771802051599252
4586;0.06854427876405084
4587;0.027669801449946334
4588;-0.029150794905695818
4589;-0.08022098545292593
4590;-0.0020816123377058204
4591;0.08756663505991938
4592;-0.01844868342483963
4593;-0.00589357545422132
4594;0.045429890744820796
4595;0.0876702904602142
4596;0.028137017307406323
4597;0.0063881336718758066
4598;-0.04260984092444872
4599;0.0035122179789846084
4600;0.020950224924904292
4601;0.047173216455653776
4602;-0.0022383188046191547
4603;0.00590294876334724
4604;0.023806289225896934
4605;0.040515705100542476
4606;-0.007372208055777492
4607;0.016115119383759265
4608;-0.02797176859839567
4609;0.02307992869267977
4610;0.06845191313733821
4611;0.08161305858594232
4612;0.009840072507658846
4613;0.047690050235663646
4614;0.008187668001090173
4615;-0.02646687717183511
4616;0.035583244549448806
4617;0.11318565960245223
4618;0.022358935082834392
4619;-0.02141427810842771
4620;-0.021691038091233565
4621;-0.0038797111170521246
4622;0.005581936793449955
4623;0.04173858252425958
4624;-0.0677684577103031
4625;-0.03515829669645882
4626;0.003728345246793765
4627;0.005787334106469615
4628;-0.0009448147640225102
4629;-0.04622734864930379
4630;0.052244596405026156
4631;0.006076175233995258
4632;0.05425795952179939
4633;-0.0012991079561956553
4634;0.037412557324144016
4635;-0.06179375726510173
4636;0.0869401850804725
4637;-0.03656352209762858
4638;0.02896479988304776
4639;0.009380272343514804
4640;0.027197661645699752
4641;0.13704265072475394
4642;-0.06292819450663217
4643;-0.011067052179832473
4644;0.032428534739956376
4645;-0.07080027175638506
4646;-0.04220981385177197
4647;0.0430016660442871
4648;0.0005018677197338662
4649;0.0028836012981827254
4650;0.029237953684168472
4651;-0.019962701384820463
4652;-0.04390414560121627
4653;0.043361466002284035
4654;0.015957490738053793
4655;-0.015631547685850792
4656;0.03206391839764123
4657;0.024412781415894785
4658;0.016658909862609334
4659;-0.03268031835810006
4660;-0.026902292549583394
4661;0.033709059617644074
4662;0.015445740072484853
4663;-0.0053892810897866635
4664;0.08408650875779074
4665;-0.033539049721668164
4666;0.04519884902494283
4667;0.0611194220698566
4668;0.010419913530726178
4669;0.09387686007954571
4670;0.03720751005149907
4671;-0.0019853086778395834
4672;0.05658048279831476
4673;0.012416034351669082
4674;0.03840055547575588
4675;0.005539352570893783
4676;0.008858675795774217
4677;0.05438857098093308
4678;0.0010336414556755358
4679;0.04037626722557363
4680;0.005920437131940162
4681;0.046882347920518014
4682;0.029159936581098833
4683;-0.031385391001560375
4684;0.08473036762647482
4685;0.06706011364103802
4686;0.024650228904195187
4687;0.035570612793754466
4688;-0.00651258128882688
4689;0.0598901616101233
4690;0.05188784175649516
4691;0.030417214297259677
4692;0.038290594123831595
4693;-0.017913688449320234
4694;0.05247261060457305
4695;0.043429394290033514
4696;-0.050737239390594054
4697;-0.0064344829678972815
4698;-0.04858467521310303
4699;-0.004229737002521432
4700;0.12278977653031432
4701;-0.0853032255777049
4702;0.08848889152605381
4703;0.04151582352076247
4704;0.04435941284057691
4705;0.04853864122022486
4706;-0.019606940330852893
4707;0.011002346947461774
4708;0.0006214339093003218
4709;0.06163422966532067
4710;0.07045468294333475
4711;0.08239008393945796
4712;0.03726056422018757
4713;0.10529571427912884
4714;0.05389454861497981
4715;-0.006571945820473815
4716;-0.03751152022433331
4717;-0.029473136509650003
4718;-0.05341323938700853
4719;0.014700531858706824
4720;-0.03997634504288982
4721;-0.09581768177561073
4722;0.03617483365230271
4723;0.005131137299926536
4724;0.06775838488741641
4725;-0.024270242290984356
4726;-0.018143712955877758
4727;-0.016204955291530324
4728;0.06733401463230677
4729;-0.022092729297192335
4730;-0.009763343487400107
4731;0.08886907611039391
4732;-0.018004200512178273
4733;0.046400746657928094
4734;0.015301451028406347
4735;0.045407456809536624
4736;0.010614275418216294
4737;-0.03638867200211067
4738;-0.009495487713603836
4739;-0.06078626699364122
4740;0.004836679861338666
4741;0.009108015636671211
4742;-0.0018326432575369721
4743;0.11034155685629528
4744;0.012456490401267218
4745;0.122124295258577
4746;0.05037433843199295
4747;-0.013575892564759613
4748;0.03656368118530168
4749;0.05348183492506635
4750;0.0698422371520455
4751;0.033399475724454675
4752;0.09570505270832143
4753;0.048841826883081293
4754;0.025188381435061587
4755;-0.028765220121734388
4756;0.0033146212732472692
4757;0.031132143586368243
4758;0.0103682515883024
4759;0.07277860978704793
4760;0.056226894311975285
4761;0.042593751107154104
4762;0.024049751329594783
4763;0.04889163572831606
4764;0.0033185051169020595
4765;0.06604539819314127
4766;-0.009659351124504667
4767;0.09846110658078161
4768;-0.02956440123275769
4769;-0.07657179260813862
4770;0.007700335535165692
4771;0.023279111905981153
4772;-0.01428792974675531
4773;0.12593477074723622
4774;0.013518020672917288
4775;0.008872875234970934
4776;0.13455123278933173
4777;-0.11759349789947166
4778;-0.04589635891333131
4779;0.05465782130346412
4780;0.03389949707433914
4781;0.02522150885044155
4782;0.042884932665329105
4783;0.04546668919631031
4784;-0.08166473719024055
4785;0.03171885375388257
4786;0.07484372377069647
4787;0.026485056131249535
4788;0.034569011057674
4789;-0.03406944885109127
4790;-0.05854136764748276
4791;0.0864156997649998
4792;0.11892007661726738
4793;0.059461996214948555
4794;-0.004365820013724431
4795;0.05845727742946536
4796;0.027789135950858822
4797;0.013253888663024042
4798;0.08285943610163102
4799;0.013004837077592838
4800;0.019279865063800798
4801;0.07255486845706002
4802;-0.04295161574953425
4803;0.06639490879639993
4804;-0.011883571061991062
4805;-0.014398636252631434
4806;0.06578342741865768
4807;0.009298163016234326
4808;0.0705957123811531
4809;-0.015828728660827806
4810;0.05724650410897269
4811;0.03940828892898992
4812;0.004963664463549549
4813;0.035622042136348425
4814;0.04995473498115928
4815;-0.0017214715982512986
4816;-0.00417368042438909
4817;-0.06628356811185214
4818;0.05709578190823876
4819;0.030715621165907835
4820;0.059169157817020875
4821;0.03166443329804295
4822;-0.02973574830664191
4823;0.01757149045947301
4824;0.017143711145841393
4825;-0.010744814351536718
4826;0.09137448283512568
4827;-0.008470795592737517
4828;-0.02855710095996628
4829;-0.03688733567550344
4830;0.1271590984675106
4831;-0.053429556062862954
4832;-0.02758135529645358
4833;0.0131011986061624
4834;0.0006958085456194852
4835;0.01824657477290998
4836;0.05451973377668111
4837;-0.016699561153462383
4838;0.057705673557567394
4839;-0.04154310921831012
4840;0.0036979729604568945
4841;0.09251110275244528
4842;0.029733051586817254
4843;0.0833655843165866
4844;-0.05050204777482918
4845;0.016270763095986355
4846;0.13530988505011024
4847;0.031666502495586855
4848;0.10067430875116784
4849;-0.048630492310980884
4850;0.016365497467360653
4851;-0.0438991124431638
4852;0.016492372337241223
4853;0.05774889645291978
4854;0.0375114763114685
4855;-0.024685664133556884
4856;0.04273932455898859
4857;0.03282743607319702
4858;0.03289853543468439
4859;0.03038218691773281
4860;0.028758166769074195
4861;0.09388359608020763
4862;-0.031803210736345164
4863;0.02899104391878666
4864;-0.014788672485391886
4865;0.03724862144354631
4866;-0.0401724512734593
4867;0.06936563993622286
4868;0.04362681029239582
4869;0.060930750712954874
4870;0.02577648444358843
4871;-0.03033427578502568
4872;0.03010483304154434
4873;0.059272367872409006
4874;-0.005788416082510821
4875;0.004860233791469
4876;0.030667059204741064
4877;-0.019060346004010426
4878;0.017340039665889862
4879;-0.006571183740910982
4880;-0.0019353125366932033
4881;0.015074216458997824
4882;0.01192069623301208
4883;0.023809304133245206
4884;0.007747564001415128
4885;-0.029192658211802894
4886;0.08268849938970987
4887;-0.03358083286323961
4888;-0.02590286252710271
4889;-0.028830894939165574
4890;0.04839495927193397
4891;-0.03389375183681821
4892;0.08923749272804059
4893;0.016104309641818304
4894;-0.01691813692206125
4895;0.081923669048724
4896;0.042493515601090194
4897;-0.03908633865369964
4898;0.028237283216612924
4899;0.038307386556772655
4900;0.0776129398688208
4901;0.0014472209665390779
4902;0.0021946165473356416
4903;0.0008056709638960057
4904;-0.012774457154985016
4905;-0.028473779061089884
4906;0.021283506246515742
4907;0.016045303883059036
4908;0.040028139407777275
4909;-0.001159570446592255
4910;0.048182137863038293
4911;0.044668243452434385
4912;-0.021496969663505183
4913;0.03561776312716262
4914;-0.06109146140066073
4915;-0.021785413798284737
4916;-0.03942741932160388
4917;-0.029624640496041365
4918;-0.07248485027955852
4919;0.02389863202180223
4920;0.05216507940646139
4921;0.020418913180170365
4922;0.03951001000219478
4923;0.017539456245359304
4924;0.07920378854173266
4925;0.041366938089642674
4926;0.06475910690351781
4927;0.018667057960119422
4928;-0.0008217915952791089
4929;-0.008533544316541679
4930;0.028416431424870724
4931;0.07224148290888792
4932;-0.012435134711408865
4933;-0.06936030992823249
4934;0.01640922584946992
4935;0.03924362137327989
4936;0.0034835630001037996
4937;0.08471710432656977
4938;-0.017328122275105357
4939;0.030755475271845682
4940;0.01598210888736304
4941;0.013148959372137909
4942;0.03809554370157357
4943;0.017213130384970014
4944;0.03493586581743074
4945;0.0024334767958360715
4946;-0.012564217605104204
4947;0.05771600899110624
4948;0.00013539302758474036
4949;0.05950324030133444
4950;0.03439119510033109
4951;-0.0022583809146294698
4952;0.030641054095813303
4953;0.016050204559950886
4954;-0.03458964044370631
4955;-0.045925966063151975
4956;-0.029611574090567958
4957;0.028895979017726177
4958;-0.0891449894505672
4959;0.02820893318818719
4960;0.02134009660713616
4961;0.06087055996529145
4962;0.04592963722936034
4963;0.002308099026546273
4964;0.020538590754393765
4965;0.030002414551498758
4966;0.047565241454509535
4967;-0.03851807906699548
4968;-0.006274934020287191
4969;-0.055181178882833845
4970;0.08184231113447993
4971;-0.019164944686169746
4972;7.505147163058723e-05
4973;0.06504609692196524
4974;0.030707828062696906
4975;0.0048843747092792
4976;0.02321340695774026
4977;0.04270638235648178
4978;0.02200142117225141
4979;0.03729165180776889
4980;0.044786715482302245
4981;-0.0018949060821972807
4982;-0.009643657400742143
4983;0.05922243829952592
4984;-0.0020975881992589505
4985;0.12384412580860428
4986;0.04233277885931571
4987;-0.06375056976552003
4988;0.007485101330663184
4989;0.014272394291365344
4990;0.04092171220171821
4991;0.10409849760371187
4992;0.051937300987492566
4993;0.08728934926728599
4994;-0.00019199304117123006
4995;0.05319728799300293
4996;0.014337964119301034
4997;-0.02815160873609358
4998;0.014799755438713334
4999;0.007953328957349015
5000;-0.022270587268429835
5001;-0.08120075741558623
5002;0.027791301359879127
5003;0.00611483439356661
5004;0.05836750384345663
5005;0.12371794100980466
5006;0.06329950421459316
5007;0.03433683719548639
5008;0.03325348797312415
5009;0.03206806813640355
5010;-0.049820847067894504
5011;-0.013995219272768793
5012;0.059086649157553524
5013;-0.018905586929820827
5014;-0.015332108876272201
5015;-0.01990325476948783
5016;0.0038490808160651113
5017;-0.034540724034661
5018;0.051874082130659076
5019;0.04117763379865579
5020;0.01628659711619335
5021;0.04851183034339428
5022;0.06931947620326255
5023;-0.02041412944957756
5024;0.012877089671098076
5025;0.025474477831020012
5026;0.04090064700839321
5027;-0.0011120601102129512
5028;-0.03366851070170924
5029;-0.03325372953617674
5030;0.073307478114627
5031;0.0052616564702113065
5032;0.019178018987362294
5033;0.05846535615713748
5034;0.01806296133176204
5035;-0.0063098572451758626
5036;-0.026937090463784442
5037;0.011327250930841899
5038;-0.026158609184392532
5039;0.06530533690819595
5040;0.03270418545648795
5041;0.04284596419274252
5042;0.03007106740257697
5043;0.04580753877741728
5044;-0.0538020974644175
5045;0.06524405204248908
5046;0.10833281578882549
5047;0.019958264775660838
5048;0.05023599150866872
5049;-0.04900381572285042
5050;0.05134604928481721
5051;0.07036555141140298
5052;0.03040001815908994
5053;-0.015221010639921815
5054;0.10735726715980747
5055;0.02898781264536467
5056;0.06360077287042117
5057;0.05340785809275687
5058;0.04030411402214739
5059;-0.01372104121314365
5060;-0.02316572910110608
5061;-0.0011866202244189593
5062;0.05911834071398417
5063;0.0032221308093460265
5064;-0.0005356366897194676
5065;-0.0017567050340551304
5066;0.05095529921475446
5067;0.020472105733507107
5068;-0.05403688700694602
5069;0.07307714827131236
5070;-0.019639852577465432
5071;0.01542025955490118
5072;0.001918467209364394
5073;0.039634926536239165
5074;0.0529178784613255
5075;0.003448360179256582
5076;0.04946645668068442
5077;-0.010232274694783428
5078;-0.035283364436276374
5079;-0.03232776763737988
5080;-0.011895120643161903
5081;0.06243304975927444
5082;0.03819919524243275
5083;0.0631163828905008
5084;0.016324893966762205
5085;0.0108614435671916
5086;0.05509581273004599
5087;-0.012031047814536606
5088;-0.059791436509530484
5089;-0.014034786439112991
5090;0.06289786698033041
5091;0.051362876421350026
5092;0.049197345922394504
5093;-0.08744107921731398
5094;-0.008877152107526882
5095;0.05688298877929526
5096;-0.033269419001796766
5097;-0.04434215030444463
5098;0.09673582495949092
5099;0.025686095675381465
5100;-0.04860378659760684
5101;0.04697029705405086
5102;0.012375174091013576
5103;-0.026100433257351625
5104;0.02371382379534964
5105;0.015217769654044986
5106;0.12541912144226358
5107;-0.045446612517507534
5108;-0.01854205362379929
5109;-0.06351856703146525
5110;-0.00200059143100944
5111;-0.03746663279183551
5112;0.04294766654307054
5113;0.01124183054834191
5114;0.025068083324733408
5115;-0.04288457475563831
5116;0.03327269600549826
5117;0.04247231294269852
5118;0.051995883829380606
5119;-0.03354263399948423
5120;-0.01281046901440547
5121;0.05185681579330776
5122;-0.023779551960497684
5123;0.015389317191717282
5124;0.10372892066737392
5125;0.06302164998723497
5126;0.015936591786298776
5127;0.048176056581057766
5128;-0.018923329795962472
5129;-0.08642530818135938
5130;0.0759732366406763
5131;-0.010375884507181894
5132;0.0375822889042594
5133;-0.046029537638005
5134;0.05313649367295639
5135;-0.02833302375130515
5136;-0.003808540189675824
5137;0.05996094805832982
5138;-0.02380651664791884
5139;0.015058002027291194
5140;0.05267973758450168
5141;-0.0330459061915208
5142;0.07417521502252697
5143;-0.010380127761914935
5144;0.011933052682750543
5145;0.03202799255381492
5146;0.07330315852617161
5147;0.012234832640803717
5148;0.06555687244675838
5149;0.037445891339746566
5150;-0.08054680672270123
5151;-0.016541373527595056
5152;0.046761521009273534
5153;0.059284444600207424
5154;-0.00274690940576491
5155;0.0040760590623753505
5156;0.08596111616813616
5157;0.04032422406612838
5158;-0.06330205017541374
5159;-0.008862034797007255
5160;-0.0697765379531232
5161;-0.01702371670929935
5162;0.01155347352746091
5163;0.01481634524192458
5164;-0.04338622258085138
5165;0.059135745452680626
5166;0.0565753591960339
5167;-0.005142793703569595
5168;0.056243645242956004
5169;-0.034124159478899685
5170;0.0434934604081181
5171;0.02625151270296101
5172;-0.06285795856570658
5173;0.030863601995711604
5174;0.03546741268670246
5175;-0.007559935937706114
5176;-0.07054383545129767
5177;0.02202194261060896
5178;-0.048479841190574004
5179;0.10628189833505913
5180;0.009492494070888001
5181;0.008602362136271892
5182;-0.04359064246095429
5183;-0.04895057422653508
5184;0.0742783846355755
5185;-0.023630270039095364
5186;0.008563216678804365
5187;-0.029648200603775904
5188;-0.02808622940758511
5189;-0.0006928866500479102
5190;-0.001375820712741813
5191;-0.0315606795942594
5192;-0.06013559725022105
5193;0.041339147981474866
5194;-0.012904786403181276
5195;0.07720666708911224
5196;0.030587617929998884
5197;-0.02701754211690826
5198;0.03697011622070761
5199;0.040920674071536635
5200;-0.07815262450897337
5201;0.04870587562401667
5202;0.06061188683620529
5203;0.048355826002837006
5204;0.040170270759014956
5205;0.02020278792152581
5206;0.020198873864824378
5207;0.05426248779723906
5208;0.08582614752792565
5209;0.00538186406502092
5210;0.06424410751295852
5211;0.006493775839678193
5212;0.0174837559745464
5213;0.05544043185082145
5214;0.08035621012749501
5215;0.012698518686945732
5216;-0.024732196050292005
5217;-0.05288048804795693
5218;-0.035453567211410755
5219;0.011400636279106636
5220;0.022688299843342037
5221;0.07858801690710876
5222;-0.03962331038283878
5223;-0.0461611355335134
5224;0.029939113620621783
5225;-0.014505603615810969
5226;-0.007431535053558065
5227;0.03607185354654277
5228;-0.023384530194786066
5229;0.012305914148447243
5230;0.023210111781126985
5231;0.06229281037219863
5232;0.04715051466952105
5233;-0.03915825105414143
5234;-0.01572466351290785
5235;0.0016405315185905067
5236;0.05537851247837239
5237;0.022039907896638483
5238;-0.004659209740360666
5239;-0.0019103238929434952
5240;-0.00019804867606623588
5241;0.00745236747994781
5242;0.07781410099636872
5243;0.07276212003927611
5244;0.05681577222304668
5245;-0.034737268670777866
5246;0.058350206609088816
5247;0.13734423843772192
5248;0.07097234803070691
5249;-0.004979334767110686
5250;0.007107696792757281
5251;0.0384415338877902
5252;0.059901276771165045
5253;0.057926051335592345
5254;0.024351461373103973
5255;0.015664220229990634
5256;0.010361244404700756
5257;-0.031204120895510244
5258;0.03305739546125878
5259;-0.011635859742894326
5260;-0.004006261157683042
5261;-0.05377295674987891
5262;0.13598585697743928
5263;0.010353375832997926
5264;-0.01760596414976945
5265;-0.07269667071137292
5266;-0.02480243543752877
5267;-0.0062757603084504865
5268;0.07224830000350167
5269;-0.02520632236570762
5270;-0.03213732491416408
5271;0.01267745130427798
5272;-0.006099906149550662
5273;-0.02439966625200313
5274;0.06539184162876083
5275;0.013127417350861066
5276;0.06561368402574047
5277;0.005875109305625017
5278;0.135780276900267
5279;0.053291820600219066
5280;0.04615922475725043
5281;-0.04584865657687104
5282;0.07906507579390976
5283;-0.09003801716412382
5284;-0.006024001312880074
5285;0.045533395719238284
5286;0.01817059024173261
5287;0.05073306956715612
5288;0.01642875926081146
5289;0.05546038969255676
5290;0.023143438211960188
5291;0.003072224867214146
5292;-0.003642601633985123
5293;-0.03042707357162783
5294;0.05642706508394468
5295;-0.03669605356869127
5296;-0.03762209419714111
5297;-0.05152040648429036
5298;-0.005756583094419909
5299;0.05016674618081723
5300;0.02384589101426826
5301;0.05408215762991105
5302;0.06757307197001268
5303;0.09313312620836058
5304;-0.005648248970681777
5305;0.023143168322207402
5306;0.034642659050922335
5307;0.025090939931339876
5308;0.08320927970330175
5309;0.06400428918852356
5310;-0.040718908733522026
5311;-0.0150711905646952
5312;-0.07774250418411256
5313;0.04385514824046638
5314;-0.009943250113317674
5315;-0.0002883410172628942
5316;0.019327813688920087
5317;0.007844007572257965
5318;-0.0008628417521860854
5319;0.05682474452659434
5320;0.03299789750967278
5321;0.06495923884401662
5322;0.08040377710236314
5323;0.03612265785048635
5324;0.06426919321165343
5325;-0.04449954058443794
5326;0.020390267795796148
5327;0.023888674557481976
5328;0.020927269226731084
5329;-0.03019657907442635
5330;0.057816963330350434
5331;-0.0034077110923655595
5332;-0.07944228197965927
5333;0.006247421985638937
5334;-0.021066084266298902
5335;-0.07665192130977744
5336;0.012604740219152007
5337;-0.017192440326042942
5338;-0.01634954532894227
5339;0.008648717948432676
5340;0.12148009731052327
5341;0.04291453231468978
5342;-0.0400999408087543
5343;0.049719246738016525
5344;0.04966189411429184
5345;0.006642183876484325
5346;0.036659349471493526
5347;0.048423927455714735
5348;0.03187749323823951
5349;0.03568593062764165
5350;0.09607914494410608
5351;0.0731369553462791
5352;0.006987006164607408
5353;-0.002528473495664372
5354;0.08616759339463613
5355;-0.052708035958602295
5356;0.0238085985745775
5357;0.02275295684010061
5358;0.040754477481441426
5359;-0.011164939836035899
5360;-0.014851227448639434
5361;0.07397769103994832
5362;-0.03881037561340946
5363;0.1205062009579349
5364;-0.007878078293522321
5365;-0.03358504521621995
5366;0.07886118241242215
5367;0.0364074411675918
5368;-0.03459402611578227
5369;0.03374078268696309
5370;0.03934487403658153
5371;-0.034707125467835026
5372;-0.024821477094508566
5373;0.02204434788341075
5374;0.016688892597052245
5375;0.02626837241382688
5376;0.04842667307892597
5377;0.029540765809163077
5378;0.0005240438681282456
5379;0.005537554674880596
5380;-0.039541081032948
5381;-0.0033013036211990256
5382;-0.009350403438369171
5383;0.027593146872605417
5384;0.05261494412718619
5385;0.04869469587282424
5386;-0.059280547592262846
5387;-0.04651462801965493
5388;0.012454789597964578
5389;0.02358863091385956
5390;0.0009500641630275197
5391;-0.044689406246480275
5392;-0.021541854535642103
5393;0.018537242522409087
5394;0.01018297530667553
5395;0.07007171781750969
5396;0.05969860049712054
5397;0.003914246200333906
5398;0.10688892109902469
5399;0.04908543528533116
5400;-0.05002110394858022
5401;0.02316611668034568
5402;0.030970298831161786
5403;-0.018639830097987583
5404;0.0042215509190633325
5405;0.08700653603516571
5406;0.07993176199733483
5407;-0.08035806090964882
5408;0.013537147179510213
5409;0.0402248904964155
5410;0.026256623645884502
5411;0.07433036990234455
5412;0.08186557977176094
5413;0.004293906930237626
5414;-0.06318495847862579
5415;0.004278737587959398
5416;-0.00611659606729404
5417;-0.00481088562137586
5418;-0.040994921813119874
5419;0.04722752271988483
5420;0.03709239956149119
5421;-0.041033893090027224
5422;0.016273288423376896
5423;-0.05478658012509428
5424;0.0415974009531584
5425;0.013460244416421147
5426;0.06502614558136102
5427;0.025465724796765555
5428;-0.03856430429999165
5429;0.0018117673259472156
5430;-0.015475317812329905
5431;0.015320906062403168
5432;0.027476602415387248
5433;0.03452712603373925
5434;0.009344899004113642
5435;-0.0014957812516517776
5436;0.012703895483617202
5437;-0.012606975968958664
5438;0.04737896471720475
5439;0.05439224760766862
5440;-0.04491798186535874
5441;0.06970943812995543
5442;-0.04788678208807909
5443;0.042109160117558275
5444;0.051869487500239446
5445;-0.02298848339141287
5446;-0.07707018399103688
5447;0.048081810696313454
5448;0.06795468007881951
5449;-0.03549792876327117
5450;0.01650277539495619
5451;-0.042811940836897835
5452;-0.03488453104989176
5453;0.05330262415387892
5454;0.0808065405886147
5455;0.036844702050842386
5456;-0.006484917616370467
5457;0.07643615745921721
5458;-0.04279611733130679
5459;0.07860731144704573
5460;0.011195343985740465
5461;-0.040711649777239386
5462;-0.10631065578775406
5463;0.07944161514040758
5464;0.06684104569156844
5465;0.05213775706847642
5466;0.03715235631139109
5467;0.005942055382747782
5468;0.04524517588359856
5469;0.03983711613223221
5470;0.10656852446255499
5471;0.059666797651647556
5472;-0.02082685362645904
5473;-0.05519479121171372
5474;0.018491803475739914
5475;-0.037763758104483854
5476;-0.0816589680026378
5477;0.030554710679461437
5478;0.060536802703531546
5479;0.01628197395892357
5480;0.018773607636907174
5481;-0.0014794779646405232
5482;-0.020961364669516768
5483;-0.11725285921740763
5484;0.03481923110671019
5485;-0.05855806450759772
5486;0.0043393071150926235
5487;0.038236554052073046
5488;-0.02263536003578267
5489;-0.07177686443034503
5490;0.007467595278925217
5491;-0.000757140599184396
5492;0.049656552379072426
5493;0.06786841598788967
5494;0.04767028459652622
5495;-0.026189615553400075
5496;-0.04418900548213969
5497;0.04640124941399165
5498;0.005982087336413571
5499;-0.016232278695134425
5500;-0.015463018010719906
5501;-0.033031282679981615
5502;-0.031759758609271105
5503;0.017521964711958164
5504;0.06482172502168254
5505;0.008794358727614195
5506;0.0011224897469124073
5507;-0.04975732881688216
5508;-0.019465687643176893
5509;0.035698294580881224
5510;0.09452792451884776
5511;0.027156945418162763
5512;0.004607655213491455
5513;0.09658034271112087
5514;-0.0008434487343109253
5515;-0.030979082268752477
5516;0.07839022751885266
5517;-0.03186801898004859
5518;-0.011617428961767047
5519;0.01196579889414707
5520;0.05862871529429611
5521;-0.06597347212830386
5522;0.03996137214619111
5523;0.08877010569149575
5524;0.09584280475056146
5525;0.009229076807482101
5526;0.05212775634519147
5527;-0.02164005515436756
5528;0.05828830902854392
5529;0.011295073211510527
5530;0.0035393231878906306
5531;-0.022752530168782103
5532;-0.04842469405463532
5533;-0.018087966515808632
5534;0.03135493271707631
5535;-0.013201673718825475
5536;0.015072697091474936
5537;0.02887613276138495
5538;0.05849492481491467
5539;-0.04115506464345756
5540;-0.07824724683181344
5541;-0.0369976397857458
5542;0.012067546585092827
5543;0.02194128202747649
5544;0.06216035314387952
5545;0.013909643543336615
5546;0.0004311939171870449
5547;0.011420685214527992
5548;0.0716958397234903
5549;-0.06372488725520953
5550;-0.001938010118536937
5551;0.06818174481023619
5552;-0.006539871479421606
5553;-0.01888626252900721
5554;-0.0013968814154672771
5555;0.022732279130869698
5556;0.06129460504566708
5557;0.09087229608203756
5558;0.02960958361105483
5559;0.10305360608622081
5560;0.0025073532364304186
5561;-0.028271069791482546
5562;0.046050790349551105
5563;0.07455555977009794
5564;-0.045790743470553966
5565;-0.005596433036249095
5566;0.056768100832651956
5567;0.043612692963738764
5568;0.014933990496790698
5569;0.06814834068514372
5570;0.005811001742548143
5571;-0.040564964601090596
5572;-0.010922964524558125
5573;0.010222813689478017
5574;-0.033762106050317445
5575;-0.013439351678810994
5576;0.08346292907212045
5577;-0.03781970258965643
5578;0.14393612699785407
5579;0.05020197557465906
5580;0.02550044294386609
5581;-0.03981915836728717
5582;-0.03589871997078518
5583;-0.015236065034154365
5584;0.018050319282439487
5585;-0.05316999268458204
5586;0.04200408098783655
5587;0.09692630113428777
5588;-0.018534679212312426
5589;-0.023050738681833847
5590;-0.012547663075184942
5591;0.0982657364676301
5592;-0.02471583701973003
5593;-0.009029456390013166
5594;0.055881989613002926
5595;0.06093228121532775
5596;0.016295449745428243
5597;0.018754779512162825
5598;-0.02058476047022566
5599;-0.0038365734999192113
5600;0.09023227635067244
5601;0.030538715807894478
5602;0.04003517581702724
5603;0.007559908089669279
5604;-0.007570981175401528
5605;0.03916488406173954
5606;0.021913296219863838
5607;0.06288275248841771
5608;0.06095806654583796
5609;0.05784263822775643
5610;-0.009759974202060704
5611;0.019749743870216746
5612;-0.016625126213978235
5613;0.014014772432825708
5614;0.059324551662961085
5615;0.013948279546357014
5616;0.03915811057133638
5617;-0.0705052224536648
5618;0.01452681971297551
5619;0.06316246704308369
5620;-0.06870854765088324
5621;0.07397497095181876
5622;0.04057306400725324
5623;0.032317291211044076
5624;0.04290850076590885
5625;0.03682721852998185
5626;-0.02083481631639856
5627;0.033636710785582835
5628;-0.046490579042544056
5629;-0.05330302513513232
5630;-0.014686469582339469
5631;-0.01791046310880091
5632;0.01997785643212751
5633;-0.007678314108144946
5634;-0.012965374867646772
5635;0.04298782803988473
5636;0.04390475968699988
5637;-0.004840843043178893
5638;-0.006456966595052336
5639;0.014083413868436877
5640;0.09777949756770468
5641;0.0352696154174626
5642;0.0393511601176651
5643;-0.04634125078287127
5644;-0.018127419354640323
5645;0.01135014555660291
5646;-0.030148671584413193
5647;0.11838803867046523
5648;-0.07380046934818978
5649;0.07025973278140228
5650;-0.011998513507096362
5651;-0.036082708276067875
5652;0.005762236295037582
5653;0.02448929573862827
5654;-0.03351399784865606
5655;0.062418584728276584
5656;0.03960966127710534
5657;0.0063554482037172025
5658;0.013560514217334542
5659;0.019901578852974354
5660;0.04389177726409855
5661;0.0026118704289382322
5662;0.027527861734077275
5663;0.05323092358387569
5664;-0.014053561528680945
5665;0.003281423739017271
5666;0.06388777306632434
5667;-0.04181735590419208
5668;0.10325320682461324
5669;-0.009215134377171096
5670;0.05697150885043655
5671;0.01768031508357268
5672;-0.012152812371007968
5673;-0.06757537062075684
5674;-0.00895150044741598
5675;0.009469015186844842
5676;-0.030890031684817246
5677;-0.020692027768452307
5678;0.024437447170250693
5679;0.07663008102342132
5680;0.06543645121406044
5681;0.040805717512778304
5682;0.10795043804915821
5683;0.03966879356188642
5684;0.05412587776737226
5685;0.020214055891718347
5686;0.036773611384359695
5687;0.019561422779255794
5688;0.05771079725614087
5689;0.08241305616599676
5690;0.04596065421586275
5691;-0.007407494898455411
5692;-0.016545285704988116
5693;0.018764524200908
5694;-0.052745673290943526
5695;0.08718926628785909
5696;0.018335103493568424
5697;-0.013925844581020357
5698;-0.029873624200302658
5699;-0.0008354974950222527
5700;0.032739111900725246
5701;0.045882094074098205
5702;-0.00868655769702002
5703;0.015048118597649705
5704;-0.032415603384620795
5705;0.005499125825342049
5706;0.03801974221197853
5707;-0.011008568617976807
5708;0.005108640692237856
5709;-0.057981461650836646
5710;-0.00372396200253462
5711;0.01278513918672772
5712;-0.024339322956121803
5713;0.08843360690930552
5714;0.060609998768335484
5715;-0.013363159516667054
5716;0.0309533560483375
5717;0.07332105051738509
5718;-0.0006344825056825698
5719;0.04216114699199224
5720;0.013185451960531225
5721;0.04049389455741689
5722;-0.014191143166197833
5723;0.03390141693621999
5724;0.09596303827156107
5725;0.04042790085106532
5726;0.044975813319215234
5727;-0.01638612123913191
5728;0.0878566266572416
5729;0.03679118012978847
5730;-0.03517738359729336
5731;0.05884457275168515
5732;-0.014082756310853596
5733;0.016783921146943187
5734;0.055336987625058495
5735;0.11083367088009297
5736;0.029214731142361786
5737;-0.06059577612709319
5738;0.005804824970585827
5739;0.008750465196705477
5740;0.02139874570914998
5741;-0.05033804983671402
5742;0.07978362075386741
5743;0.04119400618857043
5744;0.03428021476098266
5745;0.02014359528512017
5746;-0.018531360777353144
5747;0.0167587628381996
5748;0.04608032805360125
5749;0.018232327512051966
5750;0.02684719253339196
5751;0.01401158914886878
5752;0.06813979101680757
5753;-0.012503290583476599
5754;0.0008279765106439641
5755;0.04617594235729342
5756;0.08051339511184935
5757;0.0998024136971425
5758;0.0447221086452727
5759;-0.023067479412487726
5760;0.04459341597113294
5761;0.006343232199041609
5762;0.004982370652372623
5763;-0.037488389160615296
5764;-0.024895866089894695
5765;0.08072991759463946
5766;0.01659515704093792
5767;-0.0002908572485313243
5768;0.05206033089744366
5769;-0.03901904435393575
5770;0.03116667663520218
5771;-0.003488581946889724
5772;-0.0017007414633599183
5773;0.0685566480836701
5774;0.0328032144271684
5775;-0.09539473027312524
5776;-0.037238669684678316
5777;-0.004882479900208523
5778;0.03273125738314817
5779;-0.02800944702151881
5780;0.043803855312411176
5781;-0.02710966941474396
5782;0.03473528456937629
5783;-0.05476270057272714
5784;0.005791978075333901
5785;0.06219601494709437
5786;0.01687496679334231
5787;0.000613775186453438
5788;0.004539155014581695
5789;0.021027839739183207
5790;0.02932270009849674
5791;0.013217465919664733
5792;0.0839985060316981
5793;0.029930870936675832
5794;0.04782457320168021
5795;-0.04611304878589834
5796;-0.0003852668376251245
5797;0.04153047200969368
5798;0.009986837468414507
5799;-0.009404570322268456
5800;0.008669656658126428
5801;-0.015684208880999792
5802;0.0037964719448928008
5803;0.0796138834484526
5804;0.010780685085833852
5805;0.032187162204858455
5806;-0.051510814721657
5807;-0.005163612039848431
5808;0.04581953325853519
5809;0.14466393570496622
5810;-0.055345828874421986
5811;0.06368105024440268
5812;0.10869400102197076
5813;0.05047627270474891
5814;0.06433705711499642
5815;0.04472892141576906
5816;0.019707539609834016
5817;0.01627569501666045
5818;0.009249553937879114
5819;0.09830665182407629
5820;0.018168869538204718
5821;0.008090036968977189
5822;0.1101745882089837
5823;0.02537070228780024
5824;0.002960598474680296
5825;-0.008200568097572471
5826;0.003197310449540396
5827;-0.004239530654712098
5828;0.0233041315427225
5829;0.010121361778716533
5830;0.025104129849177637
5831;0.019554298957833397
5832;0.016706041712250652
5833;-0.07390059189831845
5834;-0.01002241751264819
5835;0.023911513599461216
5836;0.0014823082540979726
5837;-0.040882396865619626
5838;-0.0370295354024654
5839;-0.07114604047574076
5840;0.015985753691402777
5841;-0.0011272776697578025
5842;0.09241315006288105
5843;-0.026582073196976665
5844;0.03663835145506795
5845;-0.08461791845792604
5846;-0.026083812907700833
5847;-0.025691153370526507
5848;-0.012370592293342782
5849;-0.035999813343679105
5850;-0.03992223373406532
5851;0.026793219808070746
5852;0.011031458894132271
5853;0.016949834247210305
5854;0.11789388415974969
5855;-0.027592958012726997
5856;0.03683512928017592
5857;0.0070672870499632265
5858;0.07946040997644062
5859;-0.027205458268125256
5860;0.06304210926328664
5861;-0.0034818994591209675
5862;0.009986594170993755
5863;-0.07177779960447978
5864;-0.032172855293224105
5865;0.042717746212876335
5866;0.06576520324929704
5867;0.06531193248429858
5868;0.07224966533700637
5869;0.05445567852526352
5870;0.013945101828871884
5871;0.08116694834927202
5872;0.07111352078371283
5873;-0.013583774927848964
5874;-0.03503528045255024
5875;-0.031423460060454
5876;0.05858273570847516
5877;0.04097435574990442
5878;0.07606702331905282
5879;0.06950432791140827
5880;-0.04798580749498456
5881;-0.047862906248707586
5882;-0.0665611447822026
5883;0.044204978392070444
5884;0.0883371562603152
5885;0.01686439672478343
5886;0.1309710344494495
5887;-0.04381284002708227
5888;0.0221251142207268
5889;0.02938367632985873
5890;-0.02433773118843348
5891;-0.00591924908330995
5892;-0.014036053192188404
5893;-0.05429496068654345
5894;-0.05480149796191895
5895;-0.0011648277574711585
5896;0.08576551480282575
5897;0.011072871365291661
5898;0.024299714939682814
5899;-0.014891853958778966
5900;0.04396339113701558
5901;0.04366336639359218
5902;0.014214282388415427
5903;-0.006279976386822455
5904;0.01752207606171382
5905;0.018266349685389257
5906;0.0759242094779924
5907;0.0973832396206089
5908;0.019160625386390535
5909;-0.08812720041217303
5910;0.022639954580281056
5911;-0.028980277652721327
5912;0.0006587370990349939
5913;0.015681999930134936
5914;-0.0186126386907965
5915;0.046285465468702824
5916;0.1066398749610478
5917;0.0045806975372977374
5918;-0.06078843265703597
5919;0.02012515334137291
5920;0.017191414631171967
5921;-0.0030507761510693856
5922;-0.027613091220630822
5923;0.06497717906015808
5924;-0.03727422555722768
5925;0.004214383033180411
5926;0.05112579261771444
5927;0.011648570346982155
5928;0.042928023324415816
5929;0.008291662725880684
5930;0.011413927819858855
5931;0.031117113474431902
5932;0.012480184956648089
5933;0.0331305550073327
5934;-0.04534804669282579
5935;0.11183364626472453
5936;0.044969742664150235
5937;0.04239788669426602
5938;0.017196306301489557
5939;0.0654125880031917
5940;0.03340479821021034
5941;0.05923026200234688
5942;-0.03524478397421575
5943;0.03188446718715028
5944;-0.014533219030247154
5945;0.0031468320649845794
5946;0.04097249247633442
5947;0.017650931723190696
5948;0.007334508605552799
5949;0.08054623874978419
5950;0.06707969011597087
5951;0.02129804633439221
5952;0.021553317898979997
5953;0.0279637457051831
5954;0.08518485892488471
5955;0.10519887388627992
5956;0.06481141413130416
5957;-0.020713611160548026
5958;0.01550462848612284
5959;0.033317652820162635
5960;0.06173849506594251
5961;0.05690576883172696
5962;0.05923444613358384
5963;-0.016502038024372043
5964;-0.011203797983367281
5965;0.06585970670249466
5966;-0.03028530925617062
5967;0.01727802637840938
5968;-0.028714224555068456
5969;0.0003621695046591356
5970;-0.02373959374403711
5971;0.0012754059911384275
5972;-0.0132046097896081
5973;0.032730882707523674
5974;0.012384642319743762
5975;-0.002718555131387603
5976;-0.0014985966520625028
5977;0.07414764375079486
5978;0.00609135982055335
5979;-0.014170249318071483
5980;0.0501572832937498
5981;0.04260595431260342
5982;0.018618157998152186
5983;0.03736647659774377
5984;-0.03957333520580235
5985;0.011527516369892653
5986;0.019946553068089942
5987;0.011460453408294739
5988;-0.04472847179762425
5989;0.03796277191889402
5990;0.01471820040080189
5991;-0.0007052933229448399
5992;-0.013765669199050591
5993;-0.023796467010732555
5994;-0.07446456144157537
5995;0.030767579742342975
5996;-0.018423107245529025
5997;-0.001762524140979167
5998;0.05062787027004092
5999;0.0036363895075844253
6000;0.04163415779577633
6001;0.08550964391102923
6002;-0.04486261694717413
6003;-0.024303254065294766
6004;0.009285965735796396
6005;0.07521645316486286
6006;0.029136267593334254
6007;0.021146942366081306
6008;-0.015992168097321128
6009;-0.0039745181541319145
6010;-0.020543467755172743
6011;0.03022713037103955
6012;-0.004136677540265623
6013;0.08822567446807497
6014;0.005784797176400219
6015;-0.03180747762201079
6016;-0.0074499102903840255
6017;0.052001061650286146
6018;0.044733363845276986
6019;0.04140255057767945
6020;-0.028966391911715874
6021;0.020473573688917383
6022;0.031014231651191722
6023;-0.06180823454779301
6024;0.03497074786685971
6025;0.07880279606006341
6026;0.0016963486596843324
6027;0.028671584478923363
6028;-0.019970779008913267
6029;0.12797902485227142
6030;0.003991412623098398
6031;0.017318207577186655
6032;-0.006593990114789961
6033;0.03861636701968834
6034;0.03028119834062082
6035;0.0297536253367889
6036;0.01276261007903983
6037;0.011212073694377267
6038;0.020406509174754887
6039;-0.011462124452193904
6040;0.09425450847000576
6041;-0.0632702493965354
6042;0.01934429589261015
6043;0.04784242627877532
6044;0.02987215158611093
6045;0.05997315259059803
6046;-0.02437072660240176
6047;0.1096611309919686
6048;0.0015098598511028172
6049;0.01991815572722615
6050;0.02131078828175916
6051;-0.02499028001024925
6052;0.03962035046666784
6053;-0.016052803215496
6054;0.05962193664329234
6055;0.047481804917164964
6056;-0.04497087163234937
6057;0.005787422569298713
6058;0.0661736058386073
6059;-0.03542588836217092
6060;0.0849812364797043
6061;-0.0010175160962020869
6062;0.03992010240176256
6063;0.07236021006223424
6064;0.012420694441576074
6065;0.05886477053225022
6066;-0.025529390420399665
6067;0.03784695431986094
6068;-0.021949154364127282
6069;-0.0188007531767353
6070;0.0496084347941877
6071;-0.03204624821362216
6072;-0.02659913581751283
6073;-0.015084731295473119
6074;-0.02233311211793449
6075;0.06314633392421215
6076;0.049452794963840176
6077;-0.029577147953802126
6078;0.02378294859157677
6079;0.023238826493307413
6080;-0.06052078267693048
6081;0.022438206066520507
6082;0.02916924917973347
6083;0.007903704702536771
6084;0.021387003453495767
6085;0.046956411648183545
6086;0.035503216677289944
6087;0.0333697518778196
6088;0.10220896626726585
6089;0.0003937701232823088
6090;0.027705527026084836
6091;-0.09674386267409375
6092;-0.0021486038678972365
6093;-0.06294489704343519
6094;-0.03551867938310991
6095;0.019778316884818424
6096;-0.04087063706376782
6097;-0.04521689526047552
6098;0.023566672537790937
6099;-0.018951295254336458
6100;0.03271591168223708
6101;0.01000771200648103
6102;0.009683250528181163
6103;-0.017120819201732758
6104;-0.006992581067203645
6105;-0.027407722363866613
6106;-0.028236266331010854
6107;0.09766725147498391
6108;0.035333525735747176
6109;-0.009527097705541792
6110;-0.0016979436722050422
6111;0.05326512737346903
6112;0.044820768652876805
6113;0.007259777471697788
6114;0.021010919929892395
6115;0.06350873892532931
6116;-0.030235164353993583
6117;0.05864879850584941
6118;0.04197468955488162
6119;-0.06624761276130357
6120;0.04754833804603947
6121;0.0836043033045668
6122;0.019743299109327664
6123;0.017630354272533566
6124;-0.041495881876118974
6125;0.05462421557256007
6126;0.0003999985390525751
6127;0.1048118038591599
6128;0.00042811804848284394
6129;-0.006145919656354977
6130;0.023463431114978162
6131;0.06547497880389813
6132;-0.015260417224631055
6133;-0.014264330901697235
6134;0.04289918046191815
6135;-0.0588769828895775
6136;0.12535218523435887
6137;0.01822224699910052
6138;-0.03501906047033217
6139;0.02203411814780168
6140;0.012573914880914715
6141;0.04009600922592597
6142;0.02247311779053348
6143;-0.022300200565546647
6144;-0.02334861652375025
6145;-0.03971666175127055
6146;-0.030888409685508263
6147;0.061584642256429165
6148;0.010560170862830915
6149;0.06835465210482682
6150;-0.005759099776851144
6151;-0.016105845358015215
6152;-0.03423061557305019
6153;0.0259225648557846
6154;0.05285230071993169
6155;0.07836356778335102
6156;0.05860115734220202
6157;0.06621136523727131
6158;0.1250302626451527
6159;0.03594307657632527
6160;0.019834994672836927
6161;0.06594664184063986
6162;0.06551439407320231
6163;-0.01644245054651478
6164;0.01286201703952088
6165;0.051539022640487674
6166;-0.036278343183077905
6167;0.026042677482137008
6168;0.008641865589771954
6169;0.020046147121656616
6170;0.11815289635161236
6171;0.008980136604655513
6172;0.04173347181910643
6173;-0.03068745224564779
6174;-0.009355604091580715
6175;0.01962795420741756
6176;-0.03081065645549657
6177;0.11856683846060222
6178;0.06655275754464923
6179;0.08277832878724013
6180;0.032079698555217674
6181;0.02148502828437856
6182;-0.0030074666654009265
6183;-0.06367134128328104
6184;0.046032640213491904
6185;0.07314927465021
6186;-0.01748409700665178
6187;0.03403023150148883
6188;0.026391258102474495
6189;-0.08271184646914634
6190;-0.06312810535942319
6191;-0.01172669848417101
6192;-0.004850001342122709
6193;-0.010652622396224559
6194;0.05660865061218885
6195;0.11966318840189259
6196;0.09540116123518687
6197;-0.02969507345630717
6198;0.002161796428778615
6199;0.04159756565031671
6200;-0.027697104859808093
6201;-0.01857349383535862
6202;0.056246267370276826
6203;0.07397007740526902
6204;0.02225977272666313
6205;-0.07179024497534783
6206;0.00778928982410207
6207;-0.0002576327176745963
6208;0.040947942321440965
6209;-0.019177223274231922
6210;0.014317658304181009
6211;0.1302800804211819
6212;0.02541490062670988
6213;0.09002064635184467
6214;0.045250674031645136
6215;0.05766209686278941
6216;0.024219574625977743
6217;-0.07518564394571556
6218;-0.032242809675919804
6219;-0.04114849320285913
6220;-0.023053228343838585
6221;0.004592276392511252
6222;0.05172388991713419
6223;0.04074057443297832
6224;-0.01955802569063877
6225;0.03463478469738177
6226;0.018458297015944113
6227;0.06062034722709853
6228;-0.020061280741724943
6229;-0.07183196680395526
6230;-0.015177905168494163
6231;-0.008980732618678927
6232;0.014563840794564981
6233;-0.007857770242390103
6234;0.022636498580654914
6235;-0.10155215760717468
6236;0.032293108205177105
6237;0.022194767986705416
6238;-0.03970214880471943
6239;-0.03759285154380393
6240;0.06248864336878924
6241;0.10748277617567652
6242;0.03750458858052781
6243;0.01702353947510943
6244;-0.05881982468233829
6245;-0.08139022896539273
6246;0.06077558959251832
6247;-0.019514868035789022
6248;0.05194341332383672
6249;0.02066256354580105
6250;0.027149664152933895
6251;0.04824143856081875
6252;0.03312176789964809
6253;-0.08384664177593479
6254;-0.03108240655037932
6255;0.0007272928984332339
6256;0.000985412234613534
6257;0.04342206333735959
6258;0.07170442222854163
6259;-0.06801998858135662
6260;0.014195407357084662
6261;-0.009821826346636158
6262;0.02196796599180729
6263;0.019893041921575757
6264;0.005456279484646842
6265;0.0070222459734114295
6266;0.021147190796534973
6267;0.054421965308157495
6268;0.003921698347450757
6269;0.018868221602561307
6270;0.02538040805899584
6271;0.08957027763199506
6272;0.06017265911807513
6273;0.022694667022838927
6274;0.027554271231705202
6275;0.02956638610867543
6276;-0.00350942901223533
6277;-0.022704519939089778
6278;0.016043185478218192
6279;-0.016099002724570113
6280;0.08861658661041388
6281;0.01329977760524386
6282;0.07457482676506615
6283;0.030887021696630653
6284;0.05425744517676506
6285;0.006671198904980997
6286;0.08292578198106043
6287;-0.015927937013733528
6288;0.03388213956948036
6289;0.09146582879267527
6290;0.03362054113560802
6291;-0.008544952278238753
6292;0.07133023076138813
6293;-0.00819451914599
6294;0.12833585105159956
6295;0.04363195929524494
6296;-0.06643069379473587
6297;0.10545193320038138
6298;-0.03494292283036998
6299;0.04906297001818103
6300;0.05732136473706632
6301;-0.0013143819044316273
6302;0.018827268142704127
6303;0.024157455789176368
6304;0.09709424319617056
6305;-0.014251427805754559
6306;0.04812335630225533
6307;-0.005960326392801676
6308;0.0370884750336846
6309;-0.026948495545638308
6310;0.1302793799429071
6311;-0.04505675734412449
6312;0.05959728863115643
6313;0.0552767811470423
6314;0.03960157557999949
6315;0.051842114571188064
6316;0.08624544663279395
6317;0.0029676110046294468
6318;0.003269399875118779
6319;-0.018660029634305176
6320;0.033009594883993715
6321;0.0035715443709935357
6322;0.009762009529623583
6323;0.07243108135037729
6324;0.07969640381411082
6325;0.019375814888205552
6326;0.08080451674060683
6327;-0.02907832060563564
6328;0.11264728175663123
6329;0.044642545006836655
6330;0.04566123195451425
6331;0.04813680984397323
6332;-0.007993798280047173
6333;-0.025719437102176102
6334;-0.05302276497424799
6335;0.07116713314632576
6336;0.060195649560127865
6337;0.010803332511701172
6338;0.025039687413705707
6339;0.08551501193962395
6340;-0.03053732893396912
6341;0.04992034784182977
6342;-0.008096277967688081
6343;-0.018903241474537823
6344;0.08796511075688798
6345;0.054741167262355506
6346;0.011528996656128783
6347;-0.0024641087242119396
6348;-0.02914258474140212
6349;0.0348238560723874
6350;-0.03906515304304577
6351;-0.002549474802417109
6352;-0.01283808825322808
6353;-0.009064803729838929
6354;0.06227914068299057
6355;-0.040174073742947056
6356;-0.004480411041128178
6357;-0.010924557640519054
6358;0.053766059250308015
6359;0.02082289427249435
6360;0.06107967237350167
6361;-0.026238451702065645
6362;0.010356102902448611
6363;0.019176863860267446
6364;0.05626907925724666
6365;0.07657181770697477
6366;-0.051159135939865055
6367;0.009991105952993138
6368;0.10338610170825618
6369;-0.04247235825026067
6370;0.084792388894612
6371;0.002690849235353028
6372;0.016135444552136845
6373;-0.002397688811976053
6374;-0.020166156780914407
6375;0.00047924104331372065
6376;0.09336596432147232
6377;0.016019995267372453
6378;0.016899203170831073
6379;0.02034850935473173
6380;0.033931311644599164
6381;0.06272776331756376
6382;-0.0423553886073735
6383;0.057108694122179886
6384;0.0031130553503196266
6385;-0.05164150769822186
6386;-0.012425892435170737
6387;0.03852953705221964
6388;-0.024825439475625613
6389;0.05844584850020624
6390;0.08227383374259772
6391;0.008189048104929668
6392;-0.027753414980606975
6393;-0.031037048288866772
6394;-0.014307784940946675
6395;0.009454647002940676
6396;-0.0727348739609269
6397;0.044984788546405384
6398;0.09138798060080418
6399;0.03084026828723012
6400;-0.012088737533330231
6401;0.015340105404042532
6402;0.06111940751362255
6403;0.04054909576720604
6404;0.03207352769427118
6405;0.039226343914847916
6406;-0.006899746784505396
6407;0.1492388840754255
6408;-0.07399531757611229
6409;0.040463498900006556
6410;-0.009524426311937902
6411;-0.04378557396437586
6412;0.08936874124272805
6413;0.060182782153453046
6414;0.04977072565072163
6415;-0.020789726919225728
6416;0.06436914440971336
6417;0.022573273380992305
6418;0.01453752088375765
6419;-0.03009333772604876
6420;0.027147146359352517
6421;0.020764758855694794
6422;0.0737659941237088
6423;0.034403312638577856
6424;0.02521640186344314
6425;0.028228122113431054
6426;0.013602074450491415
6427;0.08676316114849954
6428;0.09007087077593838
6429;0.010669817117264273
6430;0.05122358747569763
6431;0.05101557686951438
6432;-0.030826367029817163
6433;-0.010377201445121215
6434;-0.07212414779276102
6435;0.08484925571283868
6436;0.00853943638004779
6437;0.02469604532727644
6438;-0.03439816881383919
6439;0.01774176181766478
6440;0.03435457089699241
6441;0.034331474638033654
6442;-0.04296588373213311
6443;-0.011328491097105485
6444;-0.0016875451425478617
6445;-0.00783616296110779
6446;0.10523443010555254
6447;0.014703179187526984
6448;0.10411508809485155
6449;0.03770617154465114
6450;0.052563829456846636
6451;-0.004330366788747994
6452;0.04886637689740311
6453;-0.025212897871968495
6454;0.04037774729467784
6455;0.0138069727909469
6456;0.017039054057801196
6457;0.0628115174243095
6458;-0.05282133164993482
6459;0.01279256899334456
6460;0.045875661359430636
6461;0.06978920474862775
6462;0.05350903217130124
6463;-0.008181508404638436
6464;0.01020994927249788
6465;0.02206736118324187
6466;0.09266276154507452
6467;0.04481507620820906
6468;0.03402616097767378
6469;0.012149968534777003
6470;-0.03129659608345719
6471;0.0032448502527601874
6472;-0.01661630873891454
6473;0.00529325592336832
6474;0.011878189906617393
6475;-0.03229380682379016
6476;0.10519873627190578
6477;0.002832781387973
6478;0.03336423092804736
6479;0.0360461698582597
6480;-0.027348592552085053
6481;-0.004703634621247517
6482;-0.013360633672865418
6483;-0.008405342896462286
6484;-0.018355282368897576
6485;-0.004505455426006506
6486;0.09082476897032009
6487;-0.05329022191010864
6488;-0.009278141713188432
6489;0.015783372341437313
6490;0.07337795226524733
6491;0.030163267920532207
6492;0.001082922377946005
6493;-0.03758526054204225
6494;0.010783939928663954
6495;0.020608755638406962
6496;0.08103621900945228
6497;0.02736822727438934
6498;0.05587207146268014
6499;-0.02430310696057603
6500;0.05502187287448862
6501;-0.003037573108878888
6502;0.05841526843841024
6503;0.03841950226970937
6504;0.027627620007574193
6505;0.1257428918048491
6506;-0.01211143503144413
6507;0.014260702726979275
6508;0.09215663056111097
6509;-0.054705841378442414
6510;-0.04939662159827535
6511;0.0019653938244630353
6512;0.014247922079052984
6513;0.05278614244771944
6514;0.1118999870658439
6515;0.018716969238656133
6516;-0.05535474543831043
6517;0.033314234404205646
6518;0.0928305595190568
6519;-0.011821416657003567
6520;0.05557592305318778
6521;0.06672380421507555
6522;-0.019861767184822413
6523;-0.019711562917732975
6524;0.0048067858741463
6525;-0.05286073048845708
6526;0.035872413876569594
6527;-0.06539580476868607
6528;0.08667139023189563
6529;0.061218692262032165
6530;0.053005203698079414
6531;0.08360581366323387
6532;0.07464871603901883
6533;0.0013063244710419043
6534;-0.029060246107921302
6535;0.05029421002639097
6536;0.03148075731230151
6537;0.0086600005579038
6538;0.02715823433692762
6539;0.02634541944566621
6540;0.06298454134056314
6541;0.07881569917018737
6542;-0.06397937667057946
6543;-0.01550753442937463
6544;0.0010866230572703728
6545;-0.03303867769579839
6546;0.017857374389411547
6547;0.05174022293331078
6548;-0.011444987137066818
6549;0.09450510460853763
6550;-0.029753096150684825
6551;0.03038796024227338
6552;0.04235178843151459
6553;0.022345762015801254
6554;-0.009141722023161237
6555;0.0819133071430251
6556;-0.0054801933572738906
6557;0.0531047959722693
6558;-0.00738503296792345
6559;0.029345510964309086
6560;0.05654105054673011
6561;0.00653183035316502
6562;-0.021214904315517487
6563;0.06693439174022828
6564;0.10430615224715624
6565;-0.04850333956752678
6566;-0.01736568843197574
6567;0.031132054707703246
6568;-0.008025526475792617
6569;0.023654495763132388
6570;0.13218743245992243
6571;-0.03864393172519755
6572;0.009140342526685856
6573;-0.04737407135658913
6574;0.028140280484060014
6575;0.02716009787661335
6576;0.009605519013030915
6577;0.018913414296016527
6578;0.010601530600209231
6579;0.034611590689426916
6580;0.022041176922235763
6581;0.04349972063463795
6582;-0.00672364402334253
6583;0.04855006908116735
6584;0.09040176446765713
6585;-0.06964300053777733
6586;-0.044833739121328334
6587;0.0012352429525412845
6588;0.07069224087398183
6589;-0.012103651373805207
6590;-0.034503840935601035
6591;0.034249138019291366
6592;0.014608509756118764
6593;-0.06852611049070532
6594;0.011895690869126839
6595;0.0045149649643312275
6596;0.0414617621579913
6597;-0.004866053567390054
6598;0.009928592283814198
6599;-0.005427370316150188
6600;-0.004417196967756212
6601;0.029753785882265335
6602;0.004958667216557302
6603;-0.027088657462835074
6604;-0.08392212788581105
6605;-0.018411246134275815
6606;0.14931028482825753
6607;0.008285528456479056
6608;-0.02055054743065881
6609;-0.012211647234986174
6610;-0.025915444844486473
6611;0.07209503488396735
6612;-0.04128277544279499
6613;0.02857142152096074
6614;0.00406121218046934
6615;-0.011455007640358162
6616;0.04261335516682891
6617;0.023585055616246395
6618;0.018827343140151526
6619;0.003020840462156116
6620;0.09878524388376221
6621;-0.01927427740607925
6622;0.07645299160140624
6623;0.10938814507104609
6624;0.029931146320210475
6625;-0.00806281919590063
6626;0.0006324136266924541
6627;-0.06288016005640146
6628;0.01806953363733925
6629;0.07374961820205186
6630;-0.006602022245058237
6631;0.014042994886284958
6632;0.06149560807446619
6633;-0.02279367073222005
6634;-0.010518541999496306
6635;-0.02306851346129804
6636;0.006678246360819457
6637;-0.0321539636794499
6638;-0.0067164076264732845
6639;0.02630102545739405
6640;0.03280606461556118
6641;0.009695911262022463
6642;0.042264242052423524
6643;0.0696481838300889
6644;0.007658032760684108
6645;0.008701197690590589
6646;0.11271807336477707
6647;-0.004212804036304902
6648;-0.049096764652068005
6649;0.03823878313782572
6650;-0.027096710814783476
6651;0.06537565477981304
6652;-0.03449193285857291
6653;0.06220378263344699
6654;0.0010758563434882262
6655;0.029074081983302164
6656;0.0012970089937722662
6657;-0.0968740875864917
6658;-0.018979428930152552
6659;0.10531159054438916
6660;-0.017964673415416854
6661;0.027428293567229218
6662;0.07643776966779385
6663;-0.05186948025487425
6664;-0.02775663169418948
6665;0.07115431065001204
6666;0.13027028675218205
6667;0.04930077042257011
6668;0.026571981917227275
6669;0.04039929859443262
6670;0.06199643653049819
6671;0.05881717811493473
6672;-0.07671061011260491
6673;-0.008552577968827961
6674;0.02723138474372206
6675;-0.019383360779050066
6676;0.06255579462374229
6677;0.053239213442846704
6678;-0.07709074907754314
6679;-0.04843243570907546
6680;0.07110262043741172
6681;0.009027877640477584
6682;-0.057907493323988035
6683;-0.0042298954423215206
6684;0.026064064612879606
6685;0.04007041940484442
6686;0.02390017387666248
6687;0.00596707611410821
6688;0.03438111662875443
6689;0.016934294751628443
6690;0.03434489801285807
6691;0.0490199691774356
6692;0.03739524823919197
6693;-0.013381951671949964
6694;-0.04478303732439059
6695;-0.01249806488234782
6696;0.029596842279634217
6697;0.04273018573234182
6698;0.05585815740656372
6699;-0.033168023690730734
6700;0.02902544519997889
6701;-0.005177233430070202
6702;-0.0017113812521660065
6703;0.010488922931807422
6704;-0.00691351917674794
6705;0.014549179707352238
6706;0.0565905710641006
6707;0.09806375049226275
6708;0.04903246463024516
6709;-0.031558423659453896
6710;-0.017017944524717166
6711;-0.0022140646972088973
6712;0.05400415016987736
6713;0.003425018699932707
6714;0.05430941597236
6715;0.0012225326007033743
6716;-0.027230500745185113
6717;-0.010505079771717335
6718;0.00666519203562089
6719;-0.0130086620410556
6720;0.00010006816710060206
6721;0.017510662104581912
6722;-0.0061103486162463125
6723;0.055007830098709576
6724;-0.013799527518323772
6725;-0.0411018211613542
6726;0.10847274948591988
6727;-0.024194415246905406
6728;0.06133837538334049
6729;0.0871745165365354
6730;0.05552196084890326
6731;0.06775213680104145
6732;0.0022492744524222983
6733;-0.009416786221963349
6734;0.04726580961969432
6735;0.034637553345203
6736;0.009398003978283782
6737;0.006333860170451686
6738;0.03469806282448886
6739;0.015600550185795186
6740;-0.002845013061901227
6741;-0.0008855899776031606
6742;-0.005586842557227527
6743;0.0011604787994636467
6744;0.06099016492337441
6745;0.006631986073871872
6746;-0.005316771684934452
6747;0.0795782775477889
6748;0.04464137867440996
6749;-0.014954758803815764
6750;-0.047895471556591504
6751;0.057840899832711304
6752;-0.10304980971206561
6753;0.06524817015299661
6754;0.09306021410573123
6755;-0.0056777226351572094
6756;0.02356092815585626
6757;0.01203951630714755
6758;0.003741431480821973
6759;0.10135270704523663
6760;-0.016102975682316868
6761;-0.023720019360559376
6762;-0.02563622733766266
6763;0.06532887362919639
6764;-0.0025771700432261468
6765;-0.0024373233853420117
6766;0.024128880872450936
6767;0.03299183705419196
6768;0.06932619874244267
6769;0.03642517046939716
6770;-0.0015778592901239108
6771;0.031477948393995946
6772;0.019178563346045934
6773;-0.051090297528279933
6774;-0.05205817092939696
6775;0.00022096975417483123
6776;0.16061277682514855
6777;-0.004383285747470893
6778;-0.006550609021363556
6779;0.055524772775350756
6780;-0.04925654053900899
6781;0.03450990364984946
6782;0.05302749383704139
6783;0.0388749797763775
6784;0.0179451549090372
6785;0.08050898143545027
6786;-0.021644267406227158
6787;0.08919601292160735
6788;0.020119442922139116
6789;0.021231545028173714
6790;-0.059936383200873425
6791;0.09978753622074236
6792;-0.016084716764293887
6793;-0.026436039433522893
6794;-0.012081214790054418
6795;0.01032639076219894
6796;-0.0008050826221690955
6797;-0.005661328390247747
6798;0.002862367355581057
6799;-0.05399282987858484
6800;0.11884106916038434
6801;-0.01048930323397471
6802;0.017095417566204817
6803;-0.0005531536685326444
6804;0.044300673581759466
6805;0.01595338174669479
6806;-0.017340337259580424
6807;0.00044882175734045404
6808;-0.00024091010025443894
6809;-0.0033089422242703393
6810;0.05665473639800808
6811;0.022423641039052172
6812;0.02130610876656533
6813;0.11147831680510208
6814;0.025033533964208488
6815;-0.05310970483527299
6816;-0.005130192713960611
6817;0.015950616966602667
6818;-0.03132389828945406
6819;0.034751823240936945
6820;0.10675284873676574
6821;0.03816283677839238
6822;0.013812261918589143
6823;-0.034306519781637096
6824;-0.027001181876584752
6825;-0.055749166508228566
6826;0.06243653785360806
6827;0.014796011014747564
6828;0.0651083474595255
6829;0.07936272449169678
6830;-0.06122811062253973
6831;-0.09076985099236409
6832;0.03708260715186256
6833;0.0015585693347523488
6834;-0.0022041167049403044
6835;-0.02399064175026524
6836;0.04165846413753329
6837;0.046289745893909495
6838;0.10956530551556383
6839;0.002349081155386159
6840;0.0011615651469509202
6841;0.004458487262137396
6842;0.01646282167419642
6843;-0.020997174985359236
6844;0.07650195898579697
6845;0.09594916336675836
6846;0.11612828710147567
6847;-0.0539282025945154
6848;0.01882279873914257
6849;0.052608417799760616
6850;0.05081284069049133
6851;0.08711553962725674
6852;0.06622211993259426
6853;0.016274324653330723
6854;-0.022387076366450032
6855;-0.012568253460372603
6856;0.06650924261682277
6857;0.046144975793907576
6858;0.0055128256248686116
6859;-0.0433145440682307
6860;-0.02502714230336039
6861;0.020845131149402646
6862;0.054945867556005085
6863;-0.0010523942764345407
6864;0.019717730553446132
6865;-0.037319062155978744
6866;0.028388137233304748
6867;0.014946263757210403
6868;-0.008139466090849225
6869;0.07494478682787103
6870;-0.08358160840609827
6871;0.05262754227044809
6872;0.015258419309305112
6873;0.020407089012750533
6874;0.01630106992551461
6875;0.10309260268721075
6876;-0.016631032294374962
6877;0.12029950033158016
6878;0.035513147783175894
6879;0.005399450719498305
6880;-0.04424748553556156
6881;-0.004893614559210419
6882;0.01181879903775112
6883;0.07424428119652689
6884;0.009228829114142485
6885;0.034598677778816554
6886;0.04288723650022419
6887;-0.0036273147516530458
6888;0.02629673282228424
6889;0.10481725438778014
6890;0.101683621670593
6891;-0.005529287953256556
6892;0.015504539869972262
6893;0.04914186522195422
6894;0.004376499428151277
6895;-0.07503108774158093
6896;0.04803050314767333
6897;0.0017280273090922549
6898;0.04414214431297921
6899;-0.010962592311742157
6900;0.002108452880822682
6901;0.09290872407692462
6902;0.02365906012094655
6903;0.1400709779207456
6904;-0.00696167718779293
6905;-0.0256632451181396
6906;-0.057208245643735584
6907;0.09110369614112827
6908;0.035771821176172836
6909;0.0371282045479802
6910;0.0065009219797696
6911;0.034194158838035664
6912;0.011499244634475332
6913;0.024269741495116362
6914;0.008628126416839023
6915;-0.0726385469493826
6916;-0.020394556236810076
6917;0.10930982124254897
6918;0.04267842699111597
6919;-0.0019436990009613453
6920;0.05458093400453308
6921;0.10335804123054032
6922;0.025788397086982398
6923;0.061728865557452224
6924;0.03920244099490716
6925;0.03637036312436592
6926;0.05388201758375672
6927;0.03058276966412919
6928;0.04531657681367918
6929;0.07443100400995163
6930;-0.003765253991184494
6931;0.052928818628826375
6932;0.06548746597632003
6933;0.06469291845684168
6934;0.10746537935990119
6935;0.01797955629441688
6936;0.07604033180147468
6937;0.02036058412338832
6938;0.06460846419345344
6939;-0.009031452886687249
6940;0.10340992513023181
6941;-0.004177753295973759
6942;-0.016409337331131157
6943;0.02232289278415351
6944;-0.01983929938473949
6945;0.023064326281804597
6946;-0.0010645317885742145
6947;-0.03737044242755701
6948;0.0518328444659835
6949;-0.014608483034082837
6950;0.021752532885970198
6951;0.02634017696998555
6952;0.044625520782676203
6953;0.013280372281959956
6954;0.024305650036963014
6955;-0.01779414199893779
6956;0.03775333764514471
6957;0.03166032593853132
6958;-0.044320065221378824
6959;-0.035103860688161174
6960;0.032441421250098725
6961;-0.03407936144695512
6962;0.03301268129807042
6963;-0.013788432612144987
6964;0.019229565328192137
6965;0.029525072647874566
6966;0.045496901414221184
6967;0.0023936824963490724
6968;0.06435088869880602
6969;0.02039207247442178
6970;0.0991125636420334
6971;0.049508640714478955
6972;-0.020068205009726087
6973;-0.016981857309824308
6974;0.002005813663251246
6975;-0.001714280649972295
6976;-0.038054568104320195
6977;0.030273553500903744
6978;0.09189512660641071
6979;0.07856759987398007
6980;0.10610588338672741
6981;0.046849194556350116
6982;-0.00998234107162034
6983;0.013740070408434661
6984;0.07202026115781067
6985;0.05576028941090968
6986;-0.006999795373649534
6987;-0.013930826282524861
6988;-0.008567962624077267
6989;-0.004159846553598499
6990;0.02716210672722113
6991;0.0074625097060348365
6992;-0.029278237725217763
6993;0.0216915661573384
6994;0.09243891851142565
6995;-0.012397064179727125
6996;-0.025765003362202634
6997;-0.011458931421053222
6998;0.03361035836172064
6999;0.05597444839441351
7000;-0.0013768292941306016
7001;0.05497285884095305
7002;0.02686557709531968
7003;0.06226877564091751
7004;0.026925099799041306
7005;0.07113619619419069
7006;0.08602553896675814
7007;-0.09103051605264227
7008;0.04400490997477505
7009;0.04375737738810344
7010;0.010026856426070622
7011;-0.07302098383462947
7012;0.05281957155401699
7013;0.0016693065513877059
7014;0.03682339500228025
7015;-0.03529896458156912
7016;0.015095084489178845
7017;0.020730147211277056
7018;0.028324494098014696
7019;0.027290326557848344
7020;-0.005044507508931844
7021;0.04826091459893547
7022;0.04559116624157667
7023;0.08084026309928845
7024;0.014552477951028493
7025;-0.054444095059872806
7026;-0.02652344332041352
7027;0.09574298966827115
7028;0.0383355821886164
7029;-0.010922146277682003
7030;0.03939522864770396
7031;0.06554039057508461
7032;0.020341566423067548
7033;0.041269484024048356
7034;0.0770631697233246
7035;0.0018601657349830703
7036;-0.009924732019382675
7037;0.0587001225793864
7038;0.023823838661529068
7039;0.08003880801246809
7040;0.01346269517639115
7041;0.019937270763887228
7042;0.005058532109249114
7043;0.005084124179327318
7044;-0.0026489069008481182
7045;0.018423139580558967
7046;0.07827724308150323
7047;-0.03067445732752276
7048;0.005366661151885381
7049;0.015537518055787701
7050;0.02584570793666046
7051;0.05516342171062277
7052;-0.07914935033016392
7053;0.06909900815832558
7054;0.03019821311926904
7055;0.060827981545589015
7056;-0.012335832161601133
7057;0.03531507070999169
7058;0.03682227839385319
7059;-0.019412324623511806
7060;0.013467083403535725
7061;-0.02347235345058664
7062;0.06009357334835073
7063;0.04390136874392425
7064;0.012789201938186352
7065;0.03240325945247832
7066;0.046039446550443015
7067;0.03705983377931801
7068;-0.0657230803700736
7069;0.0003745792401079484
7070;0.08987988891519777
7071;0.02989468931159564
7072;0.017614446352515644
7073;0.08310642070451778
7074;0.027344997973247586
7075;0.1136941132031501
7076;0.008019421773490763
7077;-0.025823333619878923
7078;0.029493318636036037
7079;0.007540950458840428
7080;-0.01520617613196933
7081;-0.0442042076337907
7082;0.007180981323970741
7083;-0.05087429481984628
7084;0.07466760000377576
7085;0.003163556632894853
7086;-0.015134393263046064
7087;0.003824157329666207
7088;0.01589878376063723
7089;0.0706014913024407
7090;0.003403984368685684
7091;0.08945224530089434
7092;-0.009557077501235795
7093;-0.017676895085211867
7094;0.029227155609937938
7095;-0.03327528558412979
7096;0.06719034136158925
7097;-0.023560589939645382
7098;0.06772596805235054
7099;0.0676294354503024
7100;0.07170341922509806
7101;0.00566155116264639
7102;0.027045749028602302
7103;0.04807709262242568
7104;0.04996198391425892
7105;-0.06433016943211073
7106;-0.061136233285343164
7107;0.02751829632391349
7108;0.0200907353529567
7109;0.08006207175521254
7110;0.020588256195470507
7111;-0.0032936982346393508
7112;0.02361356321310467
7113;0.01960541156112171
7114;0.12298290358334825
7115;-0.03309861081388064
7116;0.03271076391020529
7117;0.029181924864858644
7118;0.08446805001465392
7119;-0.003760486005576382
7120;0.014862816062705803
7121;-0.034246584151089936
7122;0.015600886409957439
7123;0.032961144239992565
7124;0.011258479522608696
7125;0.034239554460916394
7126;-0.01624739120670924
7127;-0.0502507333295884
7128;0.05463343916793775
7129;-0.004144059619059988
7130;0.0554517723805823
7131;-0.016274846448421414
7132;0.0153727295526933
7133;0.16438447061916903
7134;0.07833659955515529
7135;0.007659798191887148
7136;-0.004390024771954586
7137;-0.050525490269634474
7138;0.027964138069311844
7139;0.03715503981335445
7140;-0.06978557385801651
7141;-0.0007884062967187333
7142;-0.009896936913740006
7143;-0.0708957598605835
7144;0.06963904690440018
7145;0.05277784662590477
7146;0.08723624623838645
7147;0.0801424109844784
7148;0.017078109430442225
7149;0.054037267088954906
7150;-0.015265601282091694
7151;-0.03715571483875919
7152;-0.08152740719780155
7153;-0.032944082885100416
7154;-0.014601883471689092
7155;-0.01830744366440115
7156;0.01340506591326502
7157;0.017386406614032807
7158;-0.03515960474956856
7159;-0.045978915012982784
7160;0.07633220827985837
7161;0.02152557577971521
7162;0.06522449540790348
7163;-0.06474576554565573
7164;-0.010337659296053658
7165;0.0886761737333157
7166;0.08302837636135081
7167;-0.005231675216428045
7168;0.04739533328215302
7169;-0.04033320054612602
7170;0.04824276542824961
7171;-0.00011186463648044765
7172;0.1471995336469317
7173;0.13311603818012216
7174;-0.028817172119046715
7175;0.04970802709668305
7176;0.017494330355584394
7177;0.010244896222421716
7178;0.05912787459569941
7179;0.02560441342345584
7180;0.03908099744058518
7181;-0.06979908172438058
7182;0.055574990458730156
7183;0.011135744864953096
7184;0.04365731783176344
7185;-0.07635895783807115
7186;-0.04409135655333273
7187;0.03191897313977463
7188;0.059342145675238385
7189;0.023345285197623866
7190;0.05596243198858204
7191;0.14611507765744733
7192;0.02307622888619122
7193;0.04003179912808179
7194;0.10625250976936314
7195;-0.016628848542752196
7196;0.005388464981219983
7197;0.030051963390099985
7198;0.012732974776250074
7199;-0.03004462011007135
7200;0.049481076803225506
7201;-0.08021888190721711
7202;0.009498461271188318
7203;-0.019116809250048307
7204;-0.009283329164084364
7205;0.008758103412907446
7206;0.008330514257338422
7207;-0.013219095062318616
7208;-0.03273784100577032
7209;0.047954586255102495
7210;-0.007451134874718264
7211;-0.05706935949092738
7212;0.05450844101589453
7213;0.018103619469599437
7214;0.018300193627765537
7215;0.021590668443093507
7216;-0.020265842656177428
7217;0.021953753960941638
7218;-0.05647614818614116
7219;0.026279059745599086
7220;-0.03568522660885009
7221;-0.017251728935959533
7222;0.10083797646600302
7223;0.004645615416846596
7224;0.006458235418512998
7225;-0.009600099522460255
7226;0.053960113909555504
7227;-0.037477471093140764
7228;0.01812560542623956
7229;0.08727778828792339
7230;0.04972186392944053
7231;0.0512365097824987
7232;-0.06781607777595838
7233;0.05131902272283909
7234;0.05289899228398312
7235;-0.09173036777193318
7236;-0.012447829014596153
7237;-0.006529246363083559
7238;-0.012627966005744326
7239;0.022556725976286173
7240;0.013346171670348071
7241;0.029480515832452737
7242;0.005981868574357776
7243;0.004762088855161579
7244;-0.012859264341994248
7245;0.007622916508580175
7246;0.06749772500029011
7247;0.08526587968836964
7248;0.02571913219131929
7249;0.04848408946780154
7250;0.06396704939336686
7251;0.15976947844992268
7252;0.02944451144629994
7253;0.05130218881888268
7254;0.012309410864501871
7255;0.10394433029187794
7256;0.035006748974320205
7257;-0.024032917391182594
7258;0.09181215847908206
7259;0.0714088387946208
7260;0.012981387984305712
7261;0.07345183468813048
7262;0.04403621157724785
7263;-0.008304949453214335
7264;0.021295916162803224
7265;-0.02226705982893705
7266;-0.021521595233480042
7267;0.03084759421438818
7268;0.03808738137475373
7269;0.047160003548623736
7270;0.029669727073700046
7271;0.05347474325830433
7272;0.03546706170273282
7273;-0.044951975056064415
7274;0.014502249595565075
7275;0.022714458827120438
7276;0.0529850921498354
7277;0.02071608406704101
7278;-0.027660192787059827
7279;0.017250139419979292
7280;-0.01639247277657958
7281;0.0466903199500139
7282;0.1041036138538442
7283;-0.0026919963834505724
7284;-0.053239754356823
7285;-0.023887756429007964
7286;0.048904616866511076
7287;-0.043906367180963454
7288;0.033114334491841646
7289;0.01815844394310062
7290;-0.019323297032178458
7291;0.10327903940374568
7292;-0.0107956947597701
7293;0.016213306307797097
7294;-0.009933975781717237
7295;0.004187175380832713
7296;0.033972480873037225
7297;0.026449131507607575
7298;0.040070305917290196
7299;0.0971925416756261
7300;0.039976142322563815
7301;-0.02810422822858584
7302;0.03949353484817152
7303;0.007434427526197567
7304;0.032611506114116506
7305;0.03126522511243749
7306;0.00677875796561807
7307;0.04542943836867039
7308;0.08601191824400417
7309;-0.010304896836055092
7310;-0.06463205764351031
7311;0.004377444141229034
7312;-0.016104768521161078
7313;0.057340622618889656
7314;-0.004344806063521674
7315;0.054771008794592575
7316;-0.009176700280900008
7317;0.018681885902898755
7318;0.038066820978501996
7319;-0.019996548755139967
7320;0.12023686733397838
7321;0.008666288628950412
7322;-0.00897897797997615
7323;-0.07870764473815456
7324;0.004371855522272768
7325;0.10298293454459455
7326;-0.024807932784361383
7327;0.009570307408722271
7328;0.03497180555589807
7329;0.09645303454265929
7330;0.01712377482191613
7331;0.11686166120780442
7332;0.04199501835186382
7333;0.058070635294507726
7334;0.010455283304304714
7335;-0.04887347133421855
7336;0.002439998315839347
7337;0.04780926567713806
7338;-0.03731212997131493
7339;0.039362483822110335
7340;-0.008118736213671554
7341;0.04077516082574846
7342;-0.07722581388516687
7343;-0.005913589049205967
7344;0.0705345550542586
7345;-0.030339481870719283
7346;0.037617715549542796
7347;0.12043789412111394
7348;0.039830702353389424
7349;0.07191279228887908
7350;0.054430775957499976
7351;-0.04572230323310194
7352;0.03940194864904043
7353;-0.07265333396639718
7354;0.04308466088292292
7355;0.013320347031969675
7356;0.11942472732346389
7357;0.006056025358651737
7358;-0.01252691261287282
7359;0.03622041273213881
7360;-0.0007963011258574681
7361;0.04149232441369904
7362;0.014023984026398751
7363;0.013475205002869046
7364;0.06461388125403161
7365;0.01019013033294442
7366;-0.001038371611777933
7367;0.027708119056610626
7368;-0.04595729597449974
7369;-0.04311222247309303
7370;0.04075997676758462
7371;0.04757960785286741
7372;0.08408471148565667
7373;0.08216841268586904
7374;0.030580894335518423
7375;0.0511226282809038
7376;0.09126862873874188
7377;0.024018665086394435
7378;0.10270527823124481
7379;0.07654100285399991
7380;0.04937869772158592
7381;0.029323716144047152
7382;0.03152809480852241
7383;0.05632945453186622
7384;0.009476639753263925
7385;0.0445634135617945
7386;0.06257207030568936
7387;0.015340365620440508
7388;-0.07341049876782478
7389;0.0494934858616449
7390;0.0760449594029751
7391;-0.06730813423322075
7392;0.022835590724315437
7393;0.07638422242753067
7394;0.04480065385321865
7395;-0.06749965612269065
7396;-0.013573595012118175
7397;-0.06598561859172108
7398;-0.004364340973280605
7399;-0.04928235943955784
7400;-0.03788721749089859
7401;0.04471214349252307
7402;-0.02036644128400269
7403;0.0011693627097344006
7404;-0.015166455706509367
7405;0.037329939896289376
7406;0.016849195669018685
7407;-0.03231236195188671
7408;0.042426437144568466
7409;0.026898503288765026
7410;0.08688087752446066
7411;0.018070173171825417
7412;-0.03792044493000859
7413;0.09032867742814289
7414;0.018753168695039762
7415;-0.00788736953589563
7416;-0.07370319852038165
7417;0.0295301089559527
7418;0.06952471493082711
7419;0.043357236994919786
7420;0.005280355994330819
7421;-0.04096589442659265
7422;0.010595038881283046
7423;-0.009402006342960477
7424;0.03702540005108432
7425;0.014326272079484568
7426;0.007752198634258178
7427;0.03011393726386231
7428;-0.014320457870006607
7429;0.13680504977839392
7430;0.06453158798350288
7431;0.029507911428427177
7432;-0.045307619882966464
7433;0.009559743430439766
7434;-0.027439285659992832
7435;0.026463297968195576
7436;0.06923529394208373
7437;0.012813312526789104
7438;0.09112871025768186
7439;0.08215879015435192
7440;-0.017390571326181145
7441;0.09960104025853284
7442;-0.01836206327686696
7443;-0.032550364357503414
7444;-0.01703860839706266
7445;0.0464096076658258
7446;-0.03329303872080118
7447;0.06568838777258974
7448;-0.004839123377776247
7449;0.053502342870656465
7450;-0.005555566425706076
7451;0.02324041234212103
7452;0.05967520125991243
7453;-0.009930871793168735
7454;0.07543168833447879
7455;0.06885890595457368
7456;-0.055632447892284914
7457;0.04008724430013274
7458;-0.0024787726325511982
7459;0.049723663350747245
7460;0.007450395054546988
7461;0.02658778192255568
7462;0.07924301220502628
7463;-1.0350513059620426e-06
7464;0.058703764677478884
7465;0.035654097390562356
7466;-0.06458357219251994
7467;0.030719236846250764
7468;0.09089903599125733
7469;0.017771555520298677
7470;0.08552180662794256
7471;-0.010267186565142196
7472;0.050229874923208226
7473;-0.03304708181167712
7474;0.0275925855939731
7475;0.041103270546986724
7476;0.03872755657166664
7477;0.0766746238564555
7478;-0.0018288143583143324
7479;0.005922650176218411
7480;-0.008822871010612233
7481;0.07552715694522448
7482;-0.03232070939807514
7483;0.021095973706985092
7484;-0.02500126160494503
7485;0.05117242875458189
7486;0.0013326542282263176
7487;0.012930628326133871
7488;0.12063225666283088
7489;0.08571712254337242
7490;-0.003975458667597991
7491;0.05785977550763377
7492;0.03561651583475964
7493;-0.03675089070894529
7494;0.032643552707612995
7495;0.0618916746945726
7496;0.024109058908454273
7497;0.008312673582040304
7498;0.024726566165697933
7499;0.12468175086408535
7500;0.062006013252180026
7501;0.008294141406545634
7502;0.021329657368644065
7503;-0.01374712957457632
7504;-0.04188047652110583
7505;-0.026484256762505824
7506;-0.022804926884370788
7507;0.057567949638037276
7508;0.0462665379298808
7509;-0.045381325891083436
7510;-0.027958717973321116
7511;0.021242149504087707
7512;0.0752896082469958
7513;0.07325201983161136
7514;-0.0075395125623649055
7515;0.01130402781006893
7516;0.030202186502960016
7517;0.017676718364096046
7518;0.012725596531838477
7519;0.03374484402381867
7520;0.08415095691415501
7521;-0.008060224157014063
7522;0.04312053705484956
7523;-0.006319129282534277
7524;0.019610871461093353
7525;-0.01505750322944877
7526;0.04259014825470871
7527;-0.04008535150236042
7528;-0.016944509225622822
7529;0.024236356493925228
7530;0.03131426948333456
7531;-0.028549255283190716
7532;0.00207481254707659
7533;0.028418698281668923
7534;-0.030340451376178378
7535;0.018821887439027733
7536;-0.018665065379362886
7537;0.0336269859318476
7538;0.03557804516395933
7539;0.014678350371314366
7540;0.030135637994757474
7541;0.017213936085116045
7542;-0.002147525717293064
7543;0.06535464610141162
7544;0.04799143258361795
7545;-0.05657115045085263
7546;0.012344979833075911
7547;0.043188326643526266
7548;-0.046211866987157464
7549;-0.01335011637531835
7550;0.05258817311722026
7551;0.043227186621405164
7552;-0.1193975847830309
7553;-0.0013113534785672697
7554;0.034846958885497374
7555;-0.04008919108830767
7556;-0.01299054806004591
7557;-0.0010217772126699743
7558;0.010324515728514285
7559;0.009790669811305434
7560;0.048474273012286205
7561;0.06935240686472625
7562;0.0073127895995025935
7563;0.04756842128961395
7564;0.10782859316460033
7565;-0.01074528879762653
7566;0.03744151417975033
7567;0.06575195111478721
7568;-0.009334740135355447
7569;-0.02605943266729696
7570;0.012523629031708623
7571;0.02394115437580254
7572;-0.07673585722320496
7573;-0.03885388072257584
7574;0.00925709943952242
7575;0.026757344318373982
7576;0.02016871470336511
7577;0.03749243597399058
7578;-0.021465729182331472
7579;-0.04562132071650609
7580;-0.04997011724015522
7581;0.07883664492460142
7582;-0.013186297333901536
7583;0.005985981396059401
7584;0.025070193069084895
7585;0.05313681983727236
7586;0.04551578372187265
7587;0.06282072086225682
7588;0.06014487354983018
7589;0.0751359755070662
7590;0.02161783682588151
7591;0.05887802660420107
7592;0.0648983845581823
7593;-0.054920693460667136
7594;0.07167917253186601
7595;-0.041589162819376926
7596;0.044625388192603026
7597;0.07722124065460263
7598;0.02200113527741692
7599;-0.005847420519933308
7600;0.021359509338435174
7601;0.06129132613025107
7602;0.0007045834050283872
7603;0.0008679451433329178
7604;0.00958795520803136
7605;-0.005961128136208487
7606;-0.024143087323569717
7607;-0.0810446228217019
7608;0.021220793616834044
7609;0.03105619439738689
7610;0.06233835583243348
7611;-0.017578604752981022
7612;-0.030157866331069982
7613;0.08947975335485765
7614;0.09231080123269479
7615;0.12408974586559168
7616;-0.004843483405901452
7617;-0.05923719851423726
7618;0.11965300919591314
7619;0.007652701783354985
7620;0.023225967660327314
7621;-0.06558248443278387
7622;0.05134185498853739
7623;0.06135631409129474
7624;0.074620917030892
7625;0.062617471345485
7626;0.07339299838536405
7627;-0.03753464717355214
7628;0.050531167800311465
7629;0.034751994325917794
7630;0.007617621713854561
7631;0.011280289634200358
7632;-0.02374198748899076
7633;0.03754382582087757
7634;0.014538260600710088
7635;-0.005306244453517621
7636;0.00969515725479269
7637;0.014232679416181497
7638;0.0406556695500268
7639;-0.043180422812352216
7640;-0.002312621989592003
7641;-0.008330967389510703
7642;0.007188629069411406
7643;-0.01620892223930099
7644;0.030656739577883344
7645;0.06670674633550647
7646;0.0045232725370935615
7647;0.06187267497205369
7648;0.089901785148826
7649;-0.005630638084253832
7650;-0.010548142709540685
7651;0.010987347627852983
7652;0.06279421956724107
7653;0.04689638697775166
7654;0.032397054791275935
7655;0.05226000216215667
7656;0.13014678014009193
7657;0.13061531026140116
7658;0.0002824485595678539
7659;0.08730946718853844
7660;-0.034972324233869756
7661;0.0006907352269305988
7662;-0.027207980951347962
7663;-0.08402608855303058
7664;0.024521838970902366
7665;0.04188687142595768
7666;0.07263860068321008
7667;0.015063675241262899
7668;0.022647597238709523
7669;0.07974652071421204
7670;-0.02057739511492656
7671;0.007047514020438399
7672;0.04746390276192386
7673;-0.047146950913654846
7674;0.06496979794074818
7675;-0.005583788959747693
7676;0.08400327630540218
7677;0.01433267814692215
7678;0.06441634666518724
7679;-0.05090652470573062
7680;-0.047019427122440616
7681;0.0615191127312464
7682;0.02819595591068989
7683;-0.02312696462040492
7684;-0.032720162798950125
7685;0.09554903093848736
7686;-0.04050845681447583
7687;0.004243638780061758
7688;0.01991916976846241
7689;0.040832659879756365
7690;-0.053464350827212286
7691;0.012763022270970908
7692;0.04563194642846071
7693;0.11053722407539567
7694;-0.034332546861626415
7695;-0.07537240346465779
7696;-0.006826990210371236
7697;0.08177656936229936
7698;-0.02364344322937612
7699;0.061382626623713604
7700;0.0059363019610802325
7701;0.10627771746741217
7702;-0.033054533138881084
7703;0.1043140766902691
7704;0.05261381953084125
7705;-0.003971488520200807
7706;-0.04487625980345115
7707;0.003170083546977196
7708;-0.027352759033863236
7709;0.05685196890495092
7710;-0.00581900063196116
7711;-0.007776308108029753
7712;0.027126284229326246
7713;0.021548376512347433
7714;-0.06116531976959777
7715;-0.066558796208014
7716;0.0005115539572942396
7717;0.042735668192021306
7718;-0.010880910451956681
7719;0.09090153178765518
7720;0.00019656745317746526
7721;0.04840788696235393
7722;0.03159364192667752
7723;0.06236681478371381
7724;0.0024593592468569623
7725;-0.025535875063217476
7726;-0.02376305161163984
7727;0.07882658033235572
7728;0.0640909534963889
7729;0.05794802146939574
7730;0.05934819199854189
7731;0.024172773418110294
7732;0.052453410876537564
7733;-0.0483288366869526
7734;0.0018360652307811164
7735;0.03154785637840149
7736;0.006197569741875242
7737;-0.02514453670869372
7738;0.07559700436402622
7739;0.013794808713278713
7740;-0.015352865131478665
7741;0.03200604258878712
7742;0.01314508211610459
7743;-0.03974260437713312
7744;-0.025863766211396636
7745;0.007666443754779095
7746;0.05712741006183748
7747;0.06352191536251467
7748;-0.018329236231647457
7749;0.04507492774429906
7750;-0.027639464031423415
7751;-0.01484638467072088
7752;-0.022896342668273773
7753;-0.039033116064590985
7754;-0.011178621097845677
7755;-0.0008221305267748846
7756;0.11372427875293865
7757;-0.0841965529812981
7758;-0.007798659967511696
7759;0.05668117497573192
7760;0.036345071254292094
7761;0.011759387977919004
7762;-0.07423958830112695
7763;-0.012223034777324386
7764;0.06383327993482908
7765;-0.04811638996996564
7766;0.04641235551729579
7767;-0.01860200815317043
7768;0.006461145922711467
7769;-0.040438248398079676
7770;0.02537916056148859
7771;0.044139044232524044
7772;-0.014838919793111386
7773;0.012015698609997969
7774;0.014518243390734256
7775;0.015533741342138115
7776;-0.016735042827184826
7777;0.030694811037655968
7778;0.02940213824558697
7779;-0.04575306121715982
7780;0.018396102671820954
7781;-0.029347397679167955
7782;-0.004291373277092987
7783;0.02306678607752261
7784;-0.002133008703132475
7785;0.028607770581281073
7786;0.03910388162221338
7787;0.009679658255835761
7788;0.04227267093271252
7789;0.04860666565434485
7790;0.057404167642023794
7791;-0.034580975894901514
7792;-0.027016381848376625
7793;0.031862745309382066
7794;0.0026340388367979985
7795;0.030035973189156805
7796;0.040081742732221814
7797;0.004250042924360571
7798;-0.01994427357228389
7799;-0.009991010364631734
7800;0.06385712315622087
7801;0.08267657756914489
7802;-0.015129778205809572
7803;0.013779947074759206
7804;0.04149121719205496
7805;0.13480208633303079
7806;0.07042688720470508
7807;0.00934116821843503
7808;-0.05131086118710598
7809;0.052773051809961655
7810;0.080024206849654
7811;0.02811900914213112
7812;0.0034130862055488363
7813;0.10367714137124764
7814;0.018168925070816612
7815;0.06880024565229377
7816;0.03655332367317115
7817;0.08593408848569453
7818;-0.03256042316488106
7819;0.012645708352415852
7820;-0.05768043977664448
7821;-0.05229062984032566
7822;0.0429866105286294
7823;-0.035252077802872324
7824;0.09493115050822866
7825;0.01443427446412329
7826;-0.021265273701934716
7827;0.012630764191978016
7828;0.10173432210353227
7829;0.06210957372397601
7830;0.053260856138718254
7831;-0.09600157073240495
7832;0.0030829557714517363
7833;0.049953511692209816
7834;-0.036431958188983773
7835;-0.00031988338501079736
7836;-0.03994666244925042
7837;-0.036528954793534324
7838;-0.057240018947055944
7839;-0.0336339344212152
7840;0.03468044689332416
7841;0.04655587221981179
7842;0.12847526788968097
7843;0.05551901246665025
7844;0.024832724882785727
7845;0.0065969603876044405
7846;0.08886852181353873
7847;0.03598688665365387
7848;0.06957226809089051
7849;0.0044254994976158455
7850;0.030476425215840663
7851;0.02635447139405997
7852;-0.0033618144542248273
7853;-0.030669601280075797
7854;0.003429966038587935
7855;0.0654377174592959
7856;-0.07455663141468363
7857;0.0540815655464246
7858;-0.07222893356430475
7859;0.007596023520514166
7860;-0.0021290524774131825
7861;-0.029118531869818297
7862;0.10804936232446721
7863;-0.002904765071150024
7864;0.025674503921070624
7865;0.07010418651549372
7866;0.14516491312117766
7867;-0.026079775269813154
7868;0.06649575892979315
7869;-0.06424217681363359
7870;0.15659652587889766
7871;0.08923474407329807
7872;0.05430513557312594
7873;-0.05179763734709994
7874;0.06213317129457366
7875;-0.00407805090166832
7876;0.06390972141666396
7877;0.006366117169071828
7878;-0.01855945801322818
7879;0.028459905985076972
7880;0.11283900675627365
7881;-0.04412602210412388
7882;0.0313627908415917
7883;-0.054300549194097554
7884;-0.06713440288361525
7885;0.028771669392320405
7886;0.016869827205131145
7887;-0.001286905392621378
7888;0.019929895242925825
7889;0.021753523984032484
7890;-0.015248109549819304
7891;0.008123160088506155
7892;0.17793108273596345
7893;-0.02075316631072994
7894;0.010080132105756263
7895;0.001407214112877142
7896;0.03413309449423878
7897;-0.03187821468575862
7898;0.08452979857725666
7899;0.04303957035161261
7900;-0.02247834615540029
7901;0.005168058892127618
7902;-0.026171727751281394
7903;-0.014044029171559771
7904;-0.022226270449407365
7905;-0.03587029643919479
7906;0.00920428729547922
7907;-0.017086408807770966
7908;0.065723107378802
7909;-0.022048971304648148
7910;-0.005804077950135991
7911;0.13137459892207176
7912;0.13526314853893837
7913;0.006382255546490114
7914;0.006968538744479531
7915;0.043728861594735095
7916;-0.022401143473854718
7917;0.001677364419740286
7918;-0.04214787189683904
7919;0.0312978147555296
7920;0.08704932162157235
7921;-0.03390621091590603
7922;0.04943053082370568
7923;0.13865597838767044
7924;-0.01101129474902379
7925;0.0480573218032518
7926;-0.008957352150900277
7927;0.03973357115606291
7928;0.04321290174968169
7929;-0.03214419833891483
7930;-0.04426422054517772
7931;0.09159367120095724
7932;-0.02246317549930339
7933;0.04245636939779303
7934;-0.006979272796196198
7935;0.04572957860408877
7936;0.0525672428605661
7937;0.058011798853084
7938;-0.03526960011493202
7939;0.051655796014848224
7940;-0.059837873981461766
7941;0.029773632050144983
7942;0.058816035684332066
7943;0.047500938775551164
7944;0.022751078093661902
7945;0.11143595948149439
7946;-0.006078596322747813
7947;0.0376728269133389
7948;0.044875169675006245
7949;-0.001039004577442455
7950;-0.08381676433486775
7951;0.058460381210363295
7952;0.0889427575963724
7953;0.0684330193747094
7954;0.02184181495310838
7955;0.01509895035439456
7956;0.08995446244834242
7957;-0.007650336580794459
7958;0.03712101013465329
7959;0.08665373305329666
7960;-0.02708096852429108
7961;0.02630761049966182
7962;0.05386663943902974
7963;0.09710674904902789
7964;-0.018133789003536408
7965;0.024149430301268354
7966;0.012055591335028027
7967;0.01644442226352652
7968;0.018823171708934723
7969;0.0010020813152023323
7970;0.018266585212542735
7971;-0.023335923061882653
7972;0.11301100876012399
7973;0.02215600619538776
7974;0.04821050384357889
7975;0.02287780774809292
7976;0.053636890194459566
7977;0.04126808823888652
7978;0.024670382043324536
7979;0.11072847287463006
7980;0.05251640253036371
7981;0.05729033751597143
7982;0.002856824903530111
7983;0.025642023209083077
7984;-0.0053851899309415785
7985;0.01947535001965534
7986;-0.03398205427246197
7987;-0.0038518663378367536
7988;-0.054296048943004965
7989;-0.054608773453825706
7990;0.017130692437153528
7991;-0.011399989286983042
7992;-0.01376547448829001
7993;0.02327120400065354
7994;-0.028310752213482716
7995;-0.04424367669304871
7996;-0.07217495853777976
7997;-0.01863128023116289
7998;0.07647831598507565
7999;0.06291239338788258
8000;0.019571371773866558
8001;0.0328126974677177
8002;0.01870366840927673
8003;0.03167349778249701
8004;-0.02687302652005357
8005;0.026348822598825733
8006;0.007279913754681502
8007;0.04305142544175737
8008;0.06925582403650736
8009;0.0312672398909865
8010;0.04678153104843759
8011;0.04675216336757444
8012;0.05888130687041326
8013;-0.026052076214272402
8014;-0.03591412922183281
8015;0.06158727222285918
8016;-0.0005135124701386929
8017;0.03340607177019336
8018;-0.07490367062539732
8019;0.041461215929972324
8020;0.07454998349576286
8021;0.02190443720367611
8022;0.007533238023536626
8023;0.04851913830223793
8024;-0.008627819957526981
8025;0.0698264612271295
8026;-0.0050184102534626615
8027;-0.04905992170906018
8028;0.086457365614135
8029;0.052562579525375665
8030;0.03530417929899571
8031;-0.02683714681297758
8032;0.03382044591496054
8033;0.04342910163394294
8034;0.05307345635210155
8035;-0.04642927605297231
8036;0.060319732874628613
8037;0.03281834540588875
8038;-0.04851583181574157
8039;0.10639386230112806
8040;0.0017258689846781294
8041;-0.03902449549059213
8042;0.0594726986834155
8043;-0.009010552699873955
8044;-0.00900396498511725
8045;0.00983824427988921
8046;0.09782343212831052
8047;-0.02085598575649911
8048;-0.02651789962986669
8049;0.013866917785655346
8050;-0.03651822022552992
8051;-0.06367961024574484
8052;0.026083541559944336
8053;0.05908867463261373
8054;0.056882551318007304
8055;0.049653109726778694
8056;0.03798794992044947
8057;0.056543280806626794
8058;0.05353415736251606
8059;-0.020200093051110316
8060;0.021139235045378228
8061;0.05136979447981531
8062;-0.028872497798319616
8063;0.025744939412989398
8064;-0.03113858044886868
8065;-0.014236085670677454
8066;0.08765850883103511
8067;0.057333804826866556
8068;-0.0009973042256503106
8069;-0.021024526822739063
8070;-0.03967652347356136
8071;-0.00033375470963562746
8072;0.005343774148456362
8073;0.07748418266166211
8074;0.0685955695507326
8075;-0.03109631132606296
8076;0.012098510908472093
8077;0.002900145537069676
8078;0.09284115175026514
8079;0.0463845287698463
8080;0.0577677566905696
8081;0.05031048032704263
8082;0.03280653333427793
8083;0.03891253959620073
8084;0.04526738840041375
8085;0.05619306804446495
8086;0.013007306086589808
8087;-0.01740244721210388
8088;-0.0034452985044489993
8089;0.06879076794913842
8090;0.04968158609023192
8091;0.05610173512537187
8092;-0.020204211332120536
8093;-0.04970182836093556
8094;0.05764093639969588
8095;0.019160673015642404
8096;0.03079176687967106
8097;0.027969510058212847
8098;0.037393087006945505
8099;0.038742647241496966
8100;0.0006157603457674554
8101;0.02530798386235091
8102;0.0897890437605544
8103;0.015607080497352115
8104;0.05457494298510639
8105;-0.05413274829584367
8106;0.05921931095088425
8107;0.014470078196133045
8108;-0.030791779007355444
8109;0.0362732164489978
8110;0.024921686226015965
8111;0.06331285610037568
8112;0.008934325325227234
8113;0.10694144129412138
8114;0.07065551845135304
8115;0.03683104337225046
8116;0.004824199245885126
8117;0.0677200489393843
8118;0.1081871126916056
8119;0.016812562304191515
8120;-0.06264371048414702
8121;0.004163342485575328
8122;-0.020944202509321032
8123;0.04561746258346616
8124;0.008855867816055109
8125;0.016492561310928407
8126;0.0058668960019601
8127;0.04253363868741616
8128;0.005114858258347823
8129;0.006552859152308912
8130;0.04810968641418654
8131;-0.02073712710586605
8132;0.02270882578537652
8133;-0.046359321816330096
8134;0.015926072175155497
8135;-0.005420184939748509
8136;-0.022660680632056937
8137;0.08472019372398193
8138;0.062421195786142504
8139;0.005263882990416988
8140;-0.0486051692317686
8141;0.050888253071162806
8142;-0.05527313058738514
8143;0.01914105276680573
8144;0.04867436232185085
8145;-0.06580969502544293
8146;0.012665424948827848
8147;0.009210784415171673
8148;0.13241574623359512
8149;0.09814725715816337
8150;0.017831182178677664
8151;0.032965007498101356
8152;0.0006871499570975459
8153;0.03156443944923296
8154;-0.00703810055547379
8155;-0.03423750363705579
8156;-0.05887864958506356
8157;0.011958890451025751
8158;-0.04896500865591335
8159;0.02578171512335942
8160;-0.023574332251025253
8161;-0.01388460731687644
8162;0.010805040135581692
8163;0.07404873027713933
8164;-0.04933451632152469
8165;0.04675518380116017
8166;0.051021748852915036
8167;-0.0053324563639036175
8168;-0.02596591322298124
8169;0.038340075753135354
8170;0.07486739297415951
8171;-0.012670584066945167
8172;0.06022486020921676
8173;0.02607084208239712
8174;-0.027582966923012434
8175;0.059731843361657155
8176;0.053486374578983774
8177;-0.056487328462652045
8178;0.060501484577809635
8179;0.058646679712057906
8180;0.004446715571006194
8181;0.017832650198410533
8182;0.02133930881267034
8183;0.10720854718760449
8184;-0.017232054102926782
8185;-0.00785139186724166
8186;0.04365510012156704
8187;0.01128011306329114
8188;0.04354995693118795
8189;0.04344769704848133
8190;0.10582720376112562
8191;-0.07046032346905534
8192;0.14460248998103764
8193;-0.07288699398467485
8194;-0.01607421580569408
8195;0.04492429757076749
8196;-0.041651907867688465
8197;0.06154470000905988
8198;-0.0394328072915016
8199;-0.01989364541341814
8200;0.07041938960629096
8201;-0.014288502771151741
8202;-0.05513523960876285
8203;-0.016290668888600805
8204;0.0381359688606409
8205;0.024641251941978765
8206;0.03546901991659297
8207;0.05386180305729752
8208;0.017307414510823377
8209;-0.009918138644464846
8210;-0.01666460133317642
8211;0.0659076422966524
8212;0.054092308274307895
8213;0.07319745137725846
8214;-0.003657622127960849
8215;-0.028771754118208294
8216;0.052926781412375876
8217;0.008658637528261863
8218;0.016783655058125502
8219;0.05497946482321865
8220;-0.0033979078129992503
8221;-0.016519206163553263
8222;0.11430613464175536
8223;0.04054589634663628
8224;0.003055093729188911
8225;0.03288768109698495
8226;0.05304967907665187
8227;0.042818186657861614
8228;0.012420037234733883
8229;0.06885094375506967
8230;-0.04182565442532678
8231;0.07803178999749207
8232;0.14709854018091137
8233;0.003819670573935241
8234;-0.03959917470010368
8235;-0.030019944524771063
8236;0.04422983272825604
8237;-0.04503106817019514
8238;-0.005673617804623774
8239;0.05086335752745327
8240;0.057754999540056105
8241;-0.013770942331237136
8242;0.050845074817182055
8243;0.06601558202744727
8244;0.0013396325687816102
8245;0.032690095225343045
8246;0.009956004753892671
8247;0.015595203959061195
8248;-0.011027740842472725
8249;-0.09188625758838967
8250;-0.01183027002185412
8251;0.0874801817467285
8252;0.030905628593748843
8253;0.009830371466933059
8254;0.03143942328805082
8255;0.01747130858031781
8256;0.04691696542170945
8257;0.006460440764977733
8258;0.03007636398183152
8259;-0.011478324289990667
8260;0.055534868624006466
8261;-0.01895030621021249
8262;-0.016914409868311112
8263;0.04188368686819487
8264;0.03185754499334067
8265;0.019361001892967522
8266;0.01599811949490686
8267;-0.007074381588453065
8268;-0.004653896819546617
8269;0.028356237572547228
8270;0.027528950589202877
8271;0.01990581210038414
8272;-0.006297521085962927
8273;-0.022595788702579257
8274;-0.0014505060361720723
8275;0.045129670093567
8276;-0.026013713819431815
8277;0.02402749712726603
8278;0.013891232101523201
8279;-0.006704019099581871
8280;-0.005722291461862312
8281;0.058109107409042335
8282;-0.000740872234672878
8283;-0.04036439267527854
8284;-0.06280588876272702
8285;0.08077959168181749
8286;0.015906899703911393
8287;-0.04078667462954584
8288;0.050823995768226805
8289;0.03132080707876781
8290;-0.005735408463829259
8291;0.003844628291862335
8292;0.005172364401877019
8293;0.01742447367882633
8294;-0.006919096722476752
8295;0.0979933394055979
8296;0.06775589820982858
8297;-0.004861062242058267
8298;-0.04644923410924008
8299;0.0662090479084334
8300;0.027346483205244142
8301;-0.0023268497748432536
8302;-0.06295984226942579
8303;-0.0779796528065529
8304;0.10946074969265113
8305;-0.039442754536526084
8306;0.03356043284365143
8307;0.007825706412081957
8308;0.019330359770071085
8309;-0.04232589555324211
8310;-0.040222776102682614
8311;0.09245316990546712
8312;-0.0013433634213487267
8313;0.030722357853428833
8314;0.041462531876016444
8315;0.007351839414612868
8316;-0.03199154221139878
8317;0.06117804852262282
8318;0.029513204018361848
8319;-0.001567129165972858
8320;0.0976608392896685
8321;0.034229715015296876
8322;0.03358803119233713
8323;-0.022299457320560948
8324;-0.009678109281741171
8325;0.06699923054958973
8326;0.11354603129177904
8327;0.027524965540710867
8328;0.003359877282737216
8329;-0.0029566832130363705
8330;0.04706658302008179
8331;0.025496272135721653
8332;0.04314670525614332
8333;0.0912542235697667
8334;-0.08730542012223992
8335;0.0694135205567325
8336;0.01257187128233511
8337;0.05126225434318044
8338;0.06563143504577368
8339;0.03012442238075593
8340;0.05186012579823341
8341;0.05226844222471556
8342;0.031062148287895896
8343;0.06619099955102285
8344;-0.0021002842160858393
8345;0.0028911779196205602
8346;0.0665338479315531
8347;0.0025064019881060064
8348;-0.01525548551268102
8349;0.021922776386964243
8350;0.014145775127352352
8351;0.07542000893296957
8352;-0.021723367845069674
8353;-0.013943050687448704
8354;0.10556504431731199
8355;0.023628431742625793
8356;0.0016972477224754812
8357;0.05275125864168984
8358;0.013880076332264792
8359;0.057359657148441844
8360;-0.00360533283820601
8361;-0.004172477124654676
8362;0.017023656122675562
8363;0.05341457887571167
8364;-0.06171455926295948
8365;-0.009659359206658138
8366;0.047310213666962114
8367;0.04639443087389239
8368;0.0279585853654973
8369;0.0832660967753212
8370;-0.03275483802673293
8371;-0.022053316037067533
8372;0.07345027771551059
8373;0.010688347790736685
8374;0.01779348454930016
8375;0.06370150785491574
8376;0.051281044194741554
8377;-0.016814697124944048
8378;-0.0004562246737549458
8379;-0.0418879327645368
8380;0.0294695309677752
8381;-0.05927041698061146
8382;0.06864703940127896
8383;-0.050347982306446964
8384;-0.034674786633070054
8385;-0.05614850364482621
8386;-0.05860454967524561
8387;0.06970230862212887
8388;0.007671529336503937
8389;0.03213652977998066
8390;0.0560198400870253
8391;0.07217158262283334
8392;0.06424327072837287
8393;-0.01518827531589352
8394;0.06112155702151682
8395;0.04863137288011771
8396;0.03865355494288522
8397;0.02189564271536426
8398;0.04124365603250198
8399;0.03921578311156111
8400;-0.0037877626813759948
8401;-0.04301662098895747
8402;-0.026588419951159636
8403;-0.025041915282952232
8404;-0.053696889261845085
8405;-0.03133752461667441
8406;0.0009986653261194079
8407;-0.018137652051828042
8408;0.009789510860377675
8409;0.08101294292148581
8410;0.0007042289034468751
8411;-0.04680272428226374
8412;0.0853127877264879
8413;0.0020240470052253555
8414;-0.03161356620448302
8415;0.084285118538113
8416;0.00130203322783089
8417;0.02052885516351452
8418;-0.046422931281804976
8419;0.1270065038736786
8420;0.0138752996978954
8421;0.009897468950593548
8422;0.030392712419642576
8423;0.09843210735812306
8424;0.030469425666976663
8425;0.026699504240426962
8426;-0.06744176837440378
8427;0.04667138432480471
8428;0.0024625094067569366
8429;0.09673833732249193
8430;0.05648164761856989
8431;-0.020823965848838243
8432;0.007870250562712186
8433;0.02131150069883404
8434;-0.06795018896538295
8435;0.09329325069568511
8436;0.05337904299154189
8437;0.0628673345769026
8438;0.07209707360848143
8439;0.13246659099010302
8440;-0.008792665179449983
8441;0.043076713380100246
8442;-0.040141575083162025
8443;0.15670229838493158
8444;0.08883578789133352
8445;0.04721577463590009
8446;-0.02952200403247616
8447;-0.036431955806279885
8448;-0.019593760414971087
8449;-0.027235677398421955
8450;-0.0058039967138118695
8451;-0.01468719823047124
8452;0.015312040543149975
8453;-0.005875930114353735
8454;-0.020323157852547808
8455;0.05535909445109354
8456;-0.0071119146502837795
8457;0.002748776356726239
8458;0.1262051780907963
8459;0.04154050675758441
8460;-0.06625986295838217
8461;0.06432719515178519
8462;-0.044929534227000544
8463;0.07828866347214643
8464;0.021281755601988264
8465;-0.04749622413327799
8466;-0.05433657126405677
8467;-0.014545548148302175
8468;0.0511094441704843
8469;-0.05113610538188084
8470;-0.06261739138122607
8471;0.043005178460332874
8472;0.056423799039055214
8473;0.08158937944578142
8474;0.06237257720518528
8475;0.07305240020722152
8476;-0.042401114680198616
8477;-0.032287817593395544
8478;0.032769756577794455
8479;0.029165949120677225
8480;0.06436510486810249
8481;-0.021915410993110385
8482;0.032387224896645674
8483;0.05660771823639692
8484;-0.008509904443605195
8485;0.013179198183175913
8486;0.017190312852098516
8487;0.051007837099875386
8488;-0.0736884332761774
8489;0.05331860775678195
8490;0.005856176102245741
8491;0.04340770655382187
8492;0.007781421992792588
8493;-0.04219851834268553
8494;0.028578536373085512
8495;-0.0207201372730718
8496;0.01709890324102915
8497;0.004627205602723734
8498;0.1450719384456856
8499;0.032946461505662085
8500;0.07999632925775771
8501;-0.0377406784670687
8502;0.004988525796951962
8503;0.051826962034420915
8504;-0.08317580083362727
8505;0.04479911424798488
8506;0.019378583713754977
8507;-0.07271337714776963
8508;0.10403279997107177
8509;-0.0013750146206548664
8510;0.013211429601633852
8511;-0.01663812853068464
8512;-0.0103566566213523
8513;0.026966738823207947
8514;0.04340217664703161
8515;0.07179075435375609
8516;-0.006289119593267429
8517;0.05207619422215615
8518;0.08478989349117015
8519;0.03578839005642706
8520;0.047588025925433326
8521;0.050069229565806096
8522;0.022306198197344713
8523;0.018241964596912935
8524;-0.06352830082909904
8525;0.05182208129097006
8526;0.025129812606801635
8527;-0.0011514447282495155
8528;0.048444452387447254
8529;0.02681951096846859
8530;0.040914224217952294
8531;0.0054552293468080396
8532;-0.015643608180169792
8533;0.048239799130679585
8534;0.03243162954813201
8535;-0.015626330283926963
8536;0.09066612377394435
8537;-0.010517704665769258
8538;-0.04166664983387875
8539;0.014397048661710272
8540;-0.0017689968251708877
8541;-0.03400856079831314
8542;0.11187708671068193
8543;-0.011822065293495
8544;-0.013001168992913108
8545;0.014039703206475877
8546;0.01825937925238776
8547;0.13019827648535084
8548;0.008017539346537176
8549;0.008870836876913302
8550;0.05891173889762854
8551;0.007164469063074961
8552;0.020471115110353537
8553;-0.057761627758961966
8554;0.009334371056347095
8555;0.09459784043254274
8556;-0.026873721678584418
8557;-0.021547545053756636
8558;-0.0030715068247305056
8559;0.06072358135462921
8560;-0.06846293563605287
8561;0.015966237038221608
8562;0.018599924697674623
8563;0.0022041280711235347
8564;0.03820605905309009
8565;0.03056858290228888
8566;-0.0493833006676121
8567;0.06817435724277572
8568;0.030987181471080875
8569;-0.024619466484521128
8570;0.005127972582869518
8571;0.014032527580101685
8572;-0.024496126673481344
8573;0.051201821282139265
8574;-0.02542855890790193
8575;-0.06672044950632597
8576;0.01020636724803552
8577;-0.032310067357169035
8578;-0.06989674636184504
8579;0.02432723517241797
8580;-0.029049456635886203
8581;-0.05069423420932893
8582;-0.03108181074821047
8583;0.03009141657721841
8584;-0.04152404543664701
8585;-0.018167415287927043
8586;0.01378650836248596
8587;0.03240085445111873
8588;0.032919967538850584
8589;-0.0036990294098507093
8590;0.08764820952660272
8591;-0.018561315137349366
8592;-0.0022909999273653626
8593;0.013334445251211236
8594;0.03485790060134761
8595;-0.02190031891512291
8596;-0.0051070764874417305
8597;0.022094226264781584
8598;0.01017848850100009
8599;0.02013782371245142
8600;0.06605671986548473
8601;0.022859475987507805
8602;0.021793369276499563
8603;0.10852327227329894
8604;0.0023655184933670625
8605;0.028236269602453633
8606;0.09286953266984427
8607;0.040873711761291676
8608;-0.048023191209437925
8609;0.11634604400976144
8610;-0.06280792594737278
8611;0.01268412178383855
8612;0.01328878305246107
8613;-0.019104156025290708
8614;0.0015721389461944568
8615;0.07359404698651772
8616;0.01320232975829299
8617;0.047225708528091985
8618;-0.005604148532794966
8619;0.03327935582023685
8620;-0.0005492371713782518
8621;0.056060266013996767
8622;0.04627763493283439
8623;0.128343812543025
8624;-0.016619524421432032
8625;0.11212489337408954
8626;-0.0015300809244618563
8627;-0.010648910524532198
8628;-0.06735571303290357
8629;0.08050939324068239
8630;0.10545533489018524
8631;-0.01925902156584712
8632;0.03609179426257867
8633;-0.03716798042747613
8634;-0.0037573636135530817
8635;0.0941040620437741
8636;0.00816251310186786
8637;-0.007393345742886765
8638;-0.00922631158919998
8639;0.06591385523302165
8640;-0.014809951433061883
8641;0.0808759407638297
8642;0.04076495506788788
8643;0.017167644357267305
8644;0.03410925060500645
8645;-0.021527315113746538
8646;0.033954269758440035
8647;0.02024383399085153
8648;0.14340175122275242
8649;0.04774010710056757
8650;0.014671986782736042
8651;0.11636791424586662
8652;-0.0010843650362052414
8653;0.011219258677230216
8654;0.001843988915911865
8655;0.08543188173381268
8656;0.04138389289736537
8657;-0.0535885535100455
8658;0.03766612796270479
8659;-0.016845143475527066
8660;-0.028138055685482187
8661;-0.02377020564551316
8662;-0.026081017295149566
8663;0.05172688803187242
8664;-0.01874032997272124
8665;0.08385217248419082
8666;0.029038006775787863
8667;0.05174691327717767
8668;-0.07099571773177119
8669;-0.03739224899422396
8670;0.028773151011140356
8671;-0.00956587385572348
8672;-0.011523043701371876
8673;-0.051180623123782854
8674;0.06705770813699559
8675;0.03543632378005185
8676;-0.01819703388335938
8677;0.04256333027613877
8678;0.04621116173877908
8679;0.0034030846906394174
8680;0.0046199410106200385
8681;0.00208645112185863
8682;-0.03031528121613178
8683;-0.05801617720673647
8684;0.08900295831023115
8685;0.04243912884928804
8686;0.04062275819217632
8687;-0.03780598063537127
8688;0.04752504098520618
8689;0.08133922526394016
8690;0.0906929592318859
8691;0.03871931970086862
8692;-0.00935183163256653
8693;-0.05291353895667541
8694;0.02411757072015746
8695;0.05572006037481444
8696;0.05121941880644229
8697;0.06428201735966638
8698;-0.008835761366471502
8699;0.02124406647411931
8700;-0.023998763277963492
8701;0.08607151850026028
8702;0.01682993368837728
8703;0.002145492034027541
8704;0.003520658980753524
8705;-0.10678816161196153
8706;0.08700174949484833
8707;0.02714146580792814
8708;-0.05206370727654786
8709;-0.01811018594428731
8710;-0.002524951139764653
8711;-0.005338473947505804
8712;0.01555207815919772
8713;0.07986680653867254
8714;-0.010307277545199157
8715;-0.016686409399115972
8716;-0.04865521361807282
8717;0.050131128753728264
8718;-0.05131142543142673
8719;0.021163145190480747
8720;0.05215502563545485
8721;0.06214554404488922
8722;0.06626362538612682
8723;0.03660087670367702
8724;0.03983050014432393
8725;0.0773175524458405
8726;0.07640603658251323
8727;-0.01546212529610159
8728;0.07392695124963183
8729;0.007717218430581312
8730;0.05149414679143163
8731;-0.006789978680020709
8732;0.06276236686634547
8733;0.03174960757897736
8734;0.04415760889004389
8735;0.09478536392307575
8736;0.06775552567243452
8737;-0.03346914403998383
8738;0.06396149739327556
8739;-0.05555524966429047
8740;0.028154911753659632
8741;-0.003920746941235223
8742;0.016834921932936737
8743;-0.029537678426705297
8744;0.08129276838378402
8745;-0.018313032500308992
8746;0.020025753947167716
8747;-0.01857432945183234
8748;0.014406266317019743
8749;-0.008944172431511107
8750;-0.020738325276923462
8751;0.14712151426478143
8752;0.033109346510265425
8753;0.0789151099198284
8754;0.06675651492459607
8755;-0.046147909280120275
8756;0.01448544630842207
8757;0.06606759594849194
8758;0.1003499898907043
8759;0.09408668901512797
8760;0.07247111820663264
8761;0.010631544707027984
8762;-0.018564200076252178
8763;0.06435589939920533
8764;0.09713307752361303
8765;0.0702009551104139
8766;0.05507472876323135
8767;-0.05233164339926347
8768;0.017393582548781837
8769;0.031765997505534924
8770;0.09014743659136414
8771;0.02236638014308383
8772;-0.0007323046485132067
8773;0.041353686311969395
8774;0.056671942480354856
8775;0.0687210875005617
8776;-0.02643719390804847
8777;-0.013281294052476937
8778;-0.019122872223996838
8779;0.007579965402097315
8780;0.010395363048103264
8781;-0.023095416014171945
8782;0.03279977022516718
8783;-0.01102266352132517
8784;0.028173291144079685
8785;-0.012727994255023845
8786;0.030266692506023814
8787;0.030643186365182373
8788;-0.007863837786331516
8789;-0.024710920049829495
8790;0.007555851110337955
8791;0.06384682044521213
8792;0.07037516403510409
8793;0.05874194148199649
8794;0.08937085142486893
8795;0.050774937122080956
8796;0.056476111406784636
8797;0.003447930363991105
8798;0.014054911958085227
8799;0.08538859978755368
8800;-0.0014305247935115517
8801;0.008599901033202286
8802;0.06575300914675325
8803;-0.04168028287363881
8804;-0.034986738070960255
8805;0.02102461443383703
8806;0.10709111894209869
8807;-0.007090288748704836
8808;-0.0038752783655851887
8809;-0.0666040853417411
8810;0.030763524981572914
8811;0.02034678414496099
8812;0.02808749695825867
8813;-0.006243529269659831
8814;0.047008756668721216
8815;-0.023883437700402084
8816;-0.061619382201375285
8817;-0.005575243958082296
8818;0.05371908116763066
8819;0.07376531455077867
8820;0.04395718319381018
8821;0.10130808848557621
8822;0.06836444382669014
8823;-0.006938979887688248
8824;0.024030719806902568
8825;0.0261542656971217
8826;-0.03773070150163221
8827;0.06665121021404773
8828;-0.056119412046383134
8829;-0.0005048188554938804
8830;-0.008112062090155376
8831;0.08970417852352269
8832;-0.028983130465551312
8833;-0.04183341179186442
8834;-0.018601648627176674
8835;-0.030800761989214463
8836;0.07877011969243711
8837;0.0863533767551769
8838;0.04349263384724125
8839;0.012027346794784961
8840;0.03926229107674331
8841;-0.004763030958299055
8842;0.04186253970904403
8843;0.03815242429706658
8844;-0.018017166950943703
8845;0.04012762592845263
8846;0.04444170174267171
8847;0.02914583070662573
8848;0.05304478118668726
8849;0.06796926037704892
8850;-0.08108012121975534
8851;0.04931292685731179
8852;0.11455591331486176
8853;-0.022851350636804425
8854;0.0010023508630281697
8855;-0.012288574195809048
8856;0.04184223154029951
8857;0.03942200396666195
8858;-0.0067788141639398706
8859;0.050822528885326505
8860;0.04800539752517523
8861;0.0007268420443971024
8862;0.00572308584115504
8863;0.012560957133721757
8864;0.025631760872083048
8865;-0.01654446327227916
8866;0.08793824801081712
8867;-0.010443803334218132
8868;0.03405923573909234
8869;0.01322512529386799
8870;0.12826547654155887
8871;-0.015844570807381473
8872;-0.004638638878919039
8873;0.05189796632722391
8874;-0.1211273589273911
8875;-0.012420687287830247
8876;-0.000864161825261931
8877;0.0026799767712458334
8878;0.072246499444677
8879;-0.06839235142507533
8880;-0.013118000110492432
8881;0.06565050556260403
8882;-0.04875638245120868
8883;-0.019971790392651626
8884;0.03530989053033167
8885;-0.0573950552622506
8886;-0.01864368616790429
8887;-0.03778575966597231
8888;0.0028246867987004975
8889;0.06250823254141295
8890;-0.0787308152219002
8891;-0.03257220258627086
8892;-0.005975560970690879
8893;0.014107142095066224
8894;-0.02027114981366907
8895;-0.006390727334928954
8896;0.021886339928959445
8897;0.01640536342211945
8898;0.04633429944275292
8899;0.019718415656204514
8900;-0.025506977438737265
8901;-0.008500332203034304
8902;0.026417630598757142
8903;-0.0741253328082989
8904;0.04555686809440914
8905;0.05856310234686845
8906;0.02754325654528472
8907;-0.027067904771367494
8908;0.11165576267230179
8909;0.046889361815774466
8910;0.0802181490180756
8911;0.059562799607031564
8912;0.004286223218900318
8913;-0.0335960519208372
8914;0.000841493006135181
8915;0.0329938568953196
8916;-0.03085087988298099
8917;-0.070655730078021
8918;0.018407734883399057
8919;-0.012630191698184632
8920;0.06707362641310027
8921;0.016033826132297833
8922;0.012417899288373916
8923;0.045137600302429776
8924;0.010393447793080525
8925;-0.025052811000944076
8926;0.019902405394345523
8927;0.029397145397163912
8928;0.0047751647623839235
8929;0.011176572460976218
8930;0.03931781438761689
8931;-0.07363456451754785
8932;-0.05830266272610331
8933;0.016544853199900872
8934;0.08688361424962253
8935;0.02143056654505912
8936;-0.013188017582421736
8937;0.0007905409408432717
8938;0.020905000072608714
8939;-0.02479592040576037
8940;0.039063237810717626
8941;0.021830175889718077
8942;0.04739496347362987
8943;0.006505725060465011
8944;0.05984532225912417
8945;0.04916647736955611
8946;0.010397607150826502
8947;0.049986684701637925
8948;0.03846273632951963
8949;0.08141186976224817
8950;-0.029100271636058325
8951;0.07471826192537563
8952;-0.0015395093813484096
8953;0.10423236588392143
8954;-0.0059835130734316525
8955;0.03939846671441046
8956;0.0595524553538651
8957;-0.007143301062062335
8958;-0.02318836871036339
8959;0.01638710765571787
8960;0.013102066868758725
8961;0.011452675514080397
8962;0.02560863428783165
8963;0.05622105907001924
8964;0.05425903680535299
8965;-0.038704630627272536
8966;0.03632096791720627
8967;-0.024053624037971986
8968;0.029203225987030946
8969;0.06413411538322407
8970;0.07799635445058087
8971;-0.018808464148669515
8972;0.03257407050088631
8973;-0.017356489322385614
8974;0.03965336949127817
8975;0.030933106643625193
8976;0.09129853872592193
8977;0.04936161097652075
8978;0.07633300739101401
8979;-0.03324192635497994
8980;0.013230373957980247
8981;-0.05067924202104337
8982;-0.013181440988018238
8983;-4.372236043764133e-05
8984;-0.022396271475761013
8985;0.10315235973257458
8986;0.05869064844972655
8987;-0.003576709096624597
8988;-0.006020876360230573
8989;0.0007636132645522764
8990;0.02393777094398672
8991;0.10224793701428879
8992;0.011532757754825696
8993;-0.004299509508631303
8994;-0.04885639463995389
8995;-0.001282470046913744
8996;-0.025872041441204773
8997;0.00883410889072394
8998;0.08912622497542173
8999;0.07248546007266853
9000;-0.03816192911940746
9001;0.04940996401727119
9002;-0.043949451430924144
9003;0.06470251600640438
9004;0.06694821740548364
9005;0.03338042124547755
9006;-0.00782214571000594
9007;0.04269631467221146
9008;0.00851921401238684
9009;0.07428716182089828
9010;0.011615242284734394
9011;0.04465995878948604
9012;0.024567162895199317
9013;-0.06110065143926363
9014;0.03455888586170516
9015;0.035442663001723246
9016;0.017414044985758322
9017;0.03621726541277411
9018;-0.0525279817501675
9019;0.024543123690322376
9020;0.0057805273737861285
9021;0.011924368175744177
9022;0.01997820222266043
9023;0.028993455458568178
9024;-0.0021354943785705416
9025;0.027785306606166245
9026;-0.0055718177742552655
9027;-0.007019668771383465
9028;0.03397183333157798
9029;0.01079871955072619
9030;0.05157862790293251
9031;-0.0008855225687364054
9032;0.01797045210884619
9033;0.04377592543249449
9034;0.05170297910732117
9035;0.012002946533464752
9036;0.06175880896902356
9037;0.11226579080739768
9038;0.0015449680897174289
9039;0.08365252100578303
9040;-0.03830998697542782
9041;0.028132024080581602
9042;0.08239208964117921
9043;-0.003274713174249797
9044;0.027936217475489827
9045;0.014440893261551792
9046;-0.009198684681418
9047;-0.03534014189684427
9048;0.013129053546696525
9049;-0.03471850532589599
9050;0.04268529769954796
9051;-0.010091477051267929
9052;0.017887730636732185
9053;0.020264745238548727
9054;-0.004079344707284775
9055;0.004550042336102393
9056;0.029790235591416376
9057;0.07620980853858456
9058;0.0017181386824884726
9059;0.035687188094496204
9060;-0.003320231556310489
9061;-0.019923231166349354
9062;0.025688233427425333
9063;-0.04211349582358082
9064;-0.03047115926172978
9065;-0.017966768584937967
9066;0.024036425501982706
9067;0.04230654860345169
9068;0.03566520720400817
9069;0.043147236307433445
9070;0.08769064662828513
9071;-0.03298488363749683
9072;0.04605896945631471
9073;-0.06431833314790396
9074;0.022297763285527877
9075;-0.05058703337400331
9076;-0.03682436975543226
9077;-0.0016517033868190367
9078;-0.12144120914205572
9079;-0.007248521683321627
9080;0.04508973210002239
9081;0.012446605181291233
9082;0.0047770381324289705
9083;0.05280912304136876
9084;0.03518179290490295
9085;-0.08916986474006748
9086;-0.0023944650476104812
9087;0.03766812354906193
9088;0.04287372877126842
9089;0.08919794303823324
9090;0.0093085215225679
9091;0.08002783845839119
9092;-0.00015178004046930481
9093;0.010575410473260972
9094;0.0377605712642746
9095;-0.024827485552758332
9096;0.038983792674490016
9097;0.016351839376506517
9098;-0.03307854194406673
9099;-0.006361074115570631
9100;0.14702443354767028
9101;0.03516944700825619
9102;-0.009281955548362504
9103;-0.021912947678177943
9104;-0.007505346215769322
9105;0.005905317637969035
9106;-0.0035297709849692184
9107;-0.05652537789043038
9108;-0.03510148168263243
9109;0.00987879097540457
9110;0.02341896078190956
9111;0.039121692159295375
9112;0.04255904878249069
9113;-0.012422179118298118
9114;0.05094620885741776
9115;0.05001351597156471
9116;0.03140655413728211
9117;0.07566692360282673
9118;-0.033119941092507904
9119;0.0034555765959044036
9120;-0.10512245843803143
9121;0.0039064553542790745
9122;0.10797631609090502
9123;-0.01518700464156268
9124;0.06624396881492771
9125;0.08933691139090925
9126;0.042645981208574
9127;0.0543482811718448
9128;-0.032961949741125096
9129;-0.0331379984620645
9130;-0.01655833890167486
9131;0.04740559222562354
9132;0.017077981435700735
9133;-0.0021364552550741677
9134;-0.009229988958143167
9135;0.019206866215084658
9136;-0.024170305074439683
9137;0.020937874210481766
9138;0.006981444934631895
9139;0.017903576509990842
9140;0.016965035748547734
9141;0.04462574080762664
9142;-0.04949185346073577
9143;-0.0573245192134425
9144;0.005967533608563827
9145;0.05536715929767141
9146;0.10667898549355372
9147;-0.05041405925080184
9148;0.10579306166259911
9149;0.03383104011325713
9150;0.03993329944786225
9151;-0.0038488094665052584
9152;0.035057016627139316
9153;0.018512267849052366
9154;0.017322161511288386
9155;0.07553804101267801
9156;0.048657838000022054
9157;-0.03718505516592884
9158;-0.02214810010402445
9159;0.031034625910942568
9160;0.017402849849447365
9161;-0.05941882418643786
9162;-0.014006572780620985
9163;0.059035420038157295
9164;0.03928207914317696
9165;0.07030478200261456
9166;0.05605073659564482
9167;-0.02055838884734868
9168;-0.005851636609703519
9169;-0.005749626285131342
9170;0.030808877154621116
9171;-0.020494853277045165
9172;-0.020559672977814927
9173;0.0028717222517184384
9174;0.01315645266503779
9175;0.018434561924552922
9176;-0.006578075688679661
9177;-0.004747993116796039
9178;0.006894560181448952
9179;0.06927552426879031
9180;-0.020395127663681054
9181;-0.05123192031080208
9182;0.026347297557149433
9183;0.05427487792398139
9184;-0.03812149574834194
9185;-0.024380540547997924
9186;-0.004995101436008724
9187;0.07998954085647199
9188;-0.01642118832095534
9189;0.04107846214307642
9190;0.025738325329740092
9191;-0.02684370873812412
9192;0.036408435844588354
9193;0.02126020956547663
9194;0.06855590407181779
9195;0.06751891762483922
9196;0.04050050480488238
9197;0.12685267514098952
9198;0.03613373355891469
9199;0.04957040434953484
9200;-0.05048351618285835
9201;-0.0013492647838941707
9202;-0.02680317459615054
9203;0.05926889330131857
9204;-0.0025209982851792743
9205;0.0488777758215069
9206;0.062370520023898875
9207;0.07080213116501838
9208;-0.04011681624320587
9209;-0.023908341727353958
9210;0.09681956551463756
9211;0.09308208738238591
9212;0.11127897481570415
9213;-0.031634806049941344
9214;0.049614873518703036
9215;-0.036701476467898286
9216;0.024440525423536315
9217;-0.03146837902953209
9218;-0.01207252225554413
9219;0.04408803050163186
9220;-0.008634086671129922
9221;-0.005616025107445352
9222;-0.008004610117682347
9223;-0.05408457126872847
9224;-0.0023311096724384583
9225;0.08461485331038944
9226;0.11325504097864553
9227;0.05779473712083274
9228;0.014757951080407849
9229;-0.0016205005427693208
9230;0.056733024536404886
9231;-0.012832188065264063
9232;0.050429899678087364
9233;0.01339348317452675
9234;0.03360123033955162
9235;0.02910794181875758
9236;-0.03453732760465485
9237;0.01819468590951885
9238;-0.09387926511368562
9239;-0.0286647515851692
9240;0.0502503557975183
9241;0.10033949642296136
9242;0.06224842747353421
9243;0.028269350729114535
9244;0.023436991005776377
9245;0.016844457470176905
9246;-0.01868125414738813
9247;0.03049543482748021
9248;0.01587402605928247
9249;0.011600190948515063
9250;0.04188665012216774
9251;0.013935377213267515
9252;0.03231191280321681
9253;-0.0071225951852947845
9254;0.048466326894461814
9255;-0.03638239182451428
9256;0.014020636546165975
9257;-0.022039118921064613
9258;-0.014433073375671625
9259;-0.03031988035350409
9260;0.023951437774548195
9261;-0.039521916196489426
9262;-0.0016700166308635288
9263;0.0359557340897139
9264;0.027394182378178727
9265;-0.07057858158599117
9266;-0.06037995383815343
9267;-0.009927200989545639
9268;-0.008101655766641897
9269;0.05699507125966207
9270;0.032509669184495917
9271;-0.005729086070966929
9272;0.044033039001868134
9273;0.009176769780766137
9274;0.02574067146963415
9275;0.0001403434745550669
9276;0.05168850971225595
9277;-0.011893247640898892
9278;0.08581627890489557
9279;-0.07683004546616318
9280;-0.022657635094424363
9281;-0.03565640857653463
9282;-0.000893877290675249
9283;-0.007217431685523792
9284;-0.005776687429331986
9285;0.006637773522845549
9286;-0.022455509704730474
9287;0.0873430100307138
9288;0.05752331656184012
9289;-0.03147166006297269
9290;-0.051408991445077844
9291;0.02231130439774077
9292;0.032634858191934485
9293;-0.039578348045262
9294;-0.019015085494258555
9295;-0.11128779433662189
9296;0.00923892509753358
9297;0.06792877602366489
9298;0.008326313585855304
9299;0.06819972510630108
9300;-0.00013726187299255342
9301;0.01129159601813086
9302;-0.022162767442466702
9303;0.012066174088994614
9304;0.03665266783263092
9305;-0.03681669284604468
9306;-0.08394059264447336
9307;-0.0028164969823608033
9308;-0.03626983731405062
9309;0.023254326493670163
9310;0.012688209600066216
9311;0.04373861371733696
9312;0.09106005960062276
9313;-0.05080391932309297
9314;0.05589982495191492
9315;0.05157244278865079
9316;0.05055159584771431
9317;0.003940931186084811
9318;0.024261360641060038
9319;-0.022243692382086237
9320;-0.0007600598648082269
9321;0.0344009961921796
9322;0.032438973638267046
9323;0.05739363494645829
9324;0.12344595610075544
9325;-0.07440845879787289
9326;0.07382366439304831
9327;0.0989637928301535
9328;0.09370166561969114
9329;0.021062597314735143
9330;0.13071957591672073
9331;0.016163537700573726
9332;0.04518986724141968
9333;-0.03598952138600779
9334;-0.024314104382095962
9335;0.09976994562074609
9336;-0.02627361711974771
9337;0.04708230601447184
9338;0.04162102690545396
9339;0.01550649389209326
9340;0.035871752293520555
9341;0.061672267786150314
9342;-0.015241952161025267
9343;0.03030176849010232
9344;-0.07697176239605383
9345;-0.016754008157921448
9346;0.039131850815937244
9347;0.04556445964065887
9348;0.003093418401119834
9349;0.03476130626582077
9350;0.010833011551740981
9351;0.005325974785743029
9352;0.048665365806013626
9353;0.06586104419791311
9354;0.04901143138923004
9355;-0.0201359679524073
9356;-0.05346849484030855
9357;-0.027621314754614018
9358;-0.0067115231292930845
9359;0.0760608831315335
9360;0.04716146941538796
9361;0.03871342219962457
9362;0.03429090541537576
9363;0.06357802784401499
9364;0.012471905421187727
9365;-0.009584545163626359
9366;0.02259259576459357
9367;0.04162908468226874
9368;0.04854424067464833
9369;0.019118619193427548
9370;-0.023630034819094873
9371;-0.07069516049313819
9372;0.08445971243717153
9373;0.09200806743954473
9374;-0.018792405664497094
9375;0.039044742305805756
9376;-0.0021015238790586467
9377;0.016812583798418785
9378;-0.061991155825741086
9379;0.00815011825883289
9380;0.029148287708713666
9381;0.02873409820941305
9382;-0.02449586299242341
9383;-0.02850825597902855
9384;0.12307987858406946
9385;0.12759184674447255
9386;0.03746858781575966
9387;0.08693470482848496
9388;-0.021876982903708465
9389;0.0772321640326119
9390;0.08665384240929953
9391;-0.004412423038481705
9392;0.07723005165683432
9393;-0.03742825716743454
9394;-0.08556675727337548
9395;-0.04622271631820496
9396;0.09894024061547796
9397;0.025260395808195994
9398;0.001466454374928503
9399;0.06624676806654037
9400;0.061799588818304725
9401;-0.019525601924665067
9402;0.025447869393301518
9403;-0.020841036781855136
9404;0.03289710723113814
9405;0.09141855820070617
9406;-0.04233100535239899
9407;0.11924996424646238
9408;-0.04330512165913376
9409;-0.04378094899162988
9410;0.03265693051501415
9411;-0.06403916481592305
9412;-0.013437310950971835
9413;0.005934641261744957
9414;0.029776070397199702
9415;-0.035808708602600915
9416;0.10183664962847346
9417;0.03591078584043373
9418;-0.012691340810342667
9419;0.017593466255933377
9420;0.005313904656428718
9421;0.020373523805696295
9422;0.05241055114029919
9423;0.04268520805775239
9424;-0.030135864059290186
9425;-0.00875012694730131
9426;-0.03771471601166681
9427;0.015397936068565059
9428;0.06745837380113144
9429;0.03212371907586672
9430;0.0873104185222391
9431;0.049189846391332705
9432;-0.005504403703831571
9433;-0.0020531722775788807
9434;-0.04314540310682986
9435;0.01956727520921021
9436;0.01487691660056072
9437;0.09345882405352895
9438;0.06767281352684491
9439;0.049632989304337655
9440;-0.03117638479926981
9441;-0.012368206766654026
9442;-0.02434244808129222
9443;0.012908409001992424
9444;-0.0655227105458394
9445;0.08066576757857959
9446;-0.017089570535831343
9447;0.035028855659140705
9448;-0.0016388941708027004
9449;0.016273090208770498
9450;-0.06431122627068646
9451;0.0006121113190347672
9452;-0.050989883207846705
9453;0.006595542339554328
9454;-0.06083906650580502
9455;0.008745679462729895
9456;0.06275424275742594
9457;-0.011652954263199717
9458;0.11439017616223708
9459;0.06862208306132488
9460;0.01766110505921887
9461;-0.08642061987304345
9462;0.06004302422538373
9463;-0.028831087200061632
9464;-0.02878170362603214
9465;0.07756556657331899
9466;0.0058369822040702955
9467;0.027940593360910242
9468;0.017579949326711527
9469;0.00929388885231461
9470;0.006358147839987254
9471;0.06120530348809041
9472;0.023759657569621027
9473;-0.012886154668350542
9474;0.06385507028296501
9475;0.15788351904181014
9476;-0.038190262066362946
9477;-0.023304991251290944
9478;0.0502600600159569
9479;-0.05191467015701747
9480;-0.0496316729900694
9481;-0.07735392096630563
9482;0.01090168004602134
9483;0.0172254102520742
9484;-0.017737390128682334
9485;-0.00012026229865455207
9486;-0.03180078197090097
9487;0.010265851779633977
9488;-0.0392831081772448
9489;-0.007575199511636583
9490;0.006857169499637621
9491;0.06601302219049217
9492;0.04060887257965248
9493;-0.030853399051658244
9494;0.0968237771775678
9495;0.021582150468364886
9496;-0.042780142973614946
9497;0.04926365592943057
9498;-0.01059508244398458
9499;0.03626880065822505
9500;0.02984921892036823
9501;0.06662709830576845
9502;0.01414131673966665
9503;0.07606972481775202
9504;0.040434350401448854
9505;0.04212402362512393
9506;0.028450293449068482
9507;0.05096942735707927
9508;-0.02201176640161819
9509;0.02473563054044604
9510;0.013764555999596268
9511;-0.00022227990452023506
9512;0.005236486188278064
9513;-0.05478619411885617
9514;-0.029001151302375947
9515;0.019325256224428388
9516;0.018040004838889557
9517;-0.059991866605338375
9518;-0.007840248387099536
9519;-0.025987624974907676
9520;0.0818724714094155
9521;0.006594332602559092
9522;0.010481211074953905
9523;0.005410670703459175
9524;-0.051027832431405074
9525;-0.003165364261823953
9526;0.05454884379548304
9527;-0.0011721082806866435
9528;0.006208297532096765
9529;0.037505575993418035
9530;-0.007377542006841367
9531;-0.02118334087367586
9532;-0.009919209635833965
9533;0.06590816246321765
9534;0.013954038089593297
9535;0.05161358661508103
9536;0.09111783349384339
9537;0.007491293560536008
9538;-0.018704965580504905
9539;-0.029630095228700526
9540;-0.08506482788682149
9541;0.0410609859851732
9542;0.04480157801957205
9543;0.04418969068485808
9544;0.06038894743086701
9545;0.0068531556567015175
9546;0.09076422434743577
9547;-0.00616376425897414
9548;0.04998092352328214
9549;0.06301745213495892
9550;0.018667470285722344
9551;0.025882877231788087
9552;-0.024485895955862275
9553;0.0013678547682260955
9554;0.024251114193685197
9555;0.0510615504137337
9556;0.07776310751004828
9557;0.03213815330425348
9558;0.015252947334536202
9559;0.06836449021767166
9560;0.13087792157773762
9561;0.039924545495474174
9562;-0.02256506612527602
9563;-0.03442752265482213
9564;-0.013166622328762543
9565;0.10364307504499706
9566;0.08881304166840948
9567;0.005347815381191623
9568;0.04403351838504094
9569;-0.019823237991472384
9570;0.12339527708614724
9571;0.0684510835627448
9572;0.043992758368097074
9573;-0.057470521975535434
9574;-0.015685149452934866
9575;-0.027974013487513785
9576;0.002008295137532201
9577;-0.008344049225555494
9578;0.044650701986530095
9579;-0.012267790878538704
9580;0.011357020250465553
9581;0.06622122540829607
9582;-0.0063470179296055565
9583;0.021616560174843896
9584;-0.003212553995992238
9585;-0.05787039892998962
9586;0.03302115845083335
9587;-0.030036994033898593
9588;-0.01701109924236846
9589;-0.07658825488920414
9590;-0.0253459334588581
9591;0.13462626757309182
9592;0.03308142649955357
9593;-0.05512079123125829
9594;0.04253224404903236
9595;0.004878854114944744
9596;-0.03298403523003259
9597;-0.05019678077848226
9598;0.007241137436144101
9599;-0.05769630495705968
9600;0.08886085705062442
9601;-0.09692909495035394
9602;-0.007122589261842762
9603;0.036812035747273625
9604;-0.026313296555417337
9605;0.008199776511851269
9606;-0.012186920149800216
9607;0.04534136090798953
9608;-0.0026869777988585497
9609;0.06544847916010027
9610;0.054296070240135774
9611;0.0384041200234357
9612;0.06686425501911543
9613;0.036397729734971594
9614;-0.011552256567661488
9615;0.0225710821924487
9616;-0.008555842433616902
9617;-0.012516317734425115
9618;0.019945325408696563
9619;0.0004680006430820072
9620;-0.024759706652675392
9621;0.03207482533050765
9622;-0.011768082930447576
9623;0.00802768206951626
9624;0.09896549544196873
9625;0.010129718521875759
9626;-0.081678321511732
9627;-0.006404187436670412
9628;0.04309852064466696
9629;0.015916439655178038
9630;0.09691830147680874
9631;0.023589133772541543
9632;-0.01167724703426856
9633;-0.07854928511213416
9634;-0.03265657284139351
9635;0.04732656338346075
9636;0.058743532647045814
9637;0.013842674668747605
9638;0.0108255031831726
9639;0.05194474097453991
9640;-0.0599502524786034
9641;0.04664074909924182
9642;0.1747482555695636
9643;-0.03964440434926104
9644;-0.01701642998326264
9645;0.0069789416114380744
9646;0.012836517914824413
9647;-0.03903873364526461
9648;0.024702428199908154
9649;0.04994437452290427
9650;0.026892869427503855
9651;0.01586464021972759
9652;0.07100604789894248
9653;0.10811807863173244
9654;-0.09852820868896416
9655;0.008892474078156454
9656;-0.04928675033032377
9657;-0.01260429270243094
9658;-0.03988149524023484
9659;0.03992949848759736
9660;0.022210043058112205
9661;0.039424960877244786
9662;0.029252667140288794
9663;0.03674104524821658
9664;0.057458828150180066
9665;0.08343964230907645
9666;0.055879637080642225
9667;0.1137606839018686
9668;0.028588789428083173
9669;0.035749890793558024
9670;0.060152384193904423
9671;0.05810877751066854
9672;0.05931589333308935
9673;0.057359281129943866
9674;0.06603297543754622
9675;0.04830364152259989
9676;-0.007498199829203713
9677;0.005543962509231761
9678;0.0793130366269908
9679;0.024450551160316962
9680;-0.013347330545852288
9681;0.016908677968210384
9682;0.06619842060617585
9683;0.04238454799301323
9684;-0.008522455008815513
9685;0.09896981938477452
9686;0.06931622556642125
9687;0.058878418839561276
9688;0.06823259176605462
9689;0.06968853741505442
9690;-0.03193487730991123
9691;-0.03538800523452153
9692;-0.0013133298604029165
9693;0.06412976548842607
9694;0.08223525919781281
9695;0.063134180416601
9696;0.028061692202010987
9697;-0.025225361926117528
9698;0.01608223656181096
9699;0.04506648629772215
9700;0.015558009541002348
9701;-0.024575593867829752
9702;0.04037200990371659
9703;0.03317303689083118
9704;0.010583759168888918
9705;0.033009573816703296
9706;0.013836609970565518
9707;-0.018580033643532376
9708;-0.03827057037376662
9709;0.022268383014970538
9710;-0.04057113828198353
9711;-0.02654872601870167
9712;-0.05432106150579927
9713;0.010462103522739455
9714;0.03887915587831842
9715;-0.07705621865929416
9716;0.043149853921262034
9717;0.003868971116649362
9718;0.058344798554829824
9719;0.06196086111923123
9720;0.017093214555763153
9721;-0.03263025525840518
9722;-0.03766819093414625
9723;0.04285448806602403
9724;0.07465625871153066
9725;0.050289689072128
9726;0.14313744200726106
9727;-0.019469373071238038
9728;-0.04452604447115647
9729;0.011779735512419336
9730;-0.04773623259080708
9731;0.02305167328078767
9732;-0.002986658379029734
9733;-0.012435874465422643
9734;0.05485849889369447
9735;-0.03621935381854939
9736;-0.05801079800771774
9737;0.029112844232762426
9738;0.008601861488094897
9739;0.09380477390030278
9740;-0.01942696442152382
9741;0.044822930241076336
9742;0.051144056001406854
9743;0.037171686879279804
9744;0.024909952392901998
9745;-0.061048339461275705
9746;0.0925590017363531
9747;0.07718715214464723
9748;0.06628639045050065
9749;0.013208800011073975
9750;-0.08507328486248796
9751;-0.010306912236330134
9752;0.10550173688962332
9753;0.05558722053338912
9754;0.00044241667157393747
9755;0.029407123801301793
9756;0.07982586145728802
9757;0.0024074318223745194
9758;0.021125833299073377
9759;-0.0044298715904764665
9760;-0.03518683979062203
9761;-0.01301169102347174
9762;0.09230031414967016
9763;0.02021750610037799
9764;0.01012855417822081
9765;-0.016741306856863928
9766;0.07343176886865606
9767;-0.04288640576298988
9768;0.031050718128451678
9769;0.01904495898604182
9770;-0.02500706033726814
9771;-0.01012309013709114
9772;-0.008546155357569916
9773;0.009116591622360346
9774;-0.05090433988573977
9775;0.011384627447072405
9776;-0.017711169277836517
9777;0.003250210476806359
9778;-0.020402141157718604
9779;-0.030458118542570956
9780;0.0031594583438587166
9781;0.05781294302552567
9782;0.03308808278359138
9783;-0.009903623928979215
9784;0.07738371222755645
9785;0.014937998232344825
9786;-0.014234619183815909
9787;0.0338501445641522
9788;0.017124601787031395
9789;-0.030110528561195622
9790;0.10450106043529402
9791;0.07605708171036184
9792;0.07799175029160409
9793;-0.030712955030146104
9794;-0.001169299002905575
9795;0.0620810457193501
9796;-0.024718614096196065
9797;0.02696528313274868
9798;-0.06390086011741487
9799;-0.10394645031942147
9800;0.005653004911390553
9801;0.09103055908105447
9802;0.10107005470709708
9803;-0.03732970044884183
9804;0.10212965836414241
9805;-0.02915110498943008
9806;0.00536377966528832
9807;-0.04383742182412249
9808;0.037133718874998466
9809;0.005554668064170301
9810;-0.046226760489953306
9811;0.02835503670576898
9812;-0.007692613596991151
9813;0.04739693595043207
9814;0.011661428043688603
9815;0.0755124481463585
9816;0.02750658421730762
9817;0.10585243601472996
9818;0.030162884337695317
9819;-0.04768169204277271
9820;0.03828819052417231
9821;0.04000806422608164
9822;-0.009856047325263404
9823;-0.023452926588349358
9824;0.013735473582757294
9825;0.0040373468432864
9826;-0.009306891532206691
9827;0.002827896862643371
9828;0.01706287673973293
9829;0.025515489862381457
9830;0.052882413694574665
9831;0.04401327313911736
9832;0.03557583879471096
9833;0.02845911084604481
9834;0.07680850068928563
9835;0.16849663336952303
9836;0.009598381598078447
9837;-0.002211607871159771
9838;0.0016153159465166311
9839;-0.03744680309790724
9840;-0.042356305653719346
9841;0.03842526078612124
9842;-0.10554598499979718
9843;0.0033427668081220927
9844;-0.0065591920849547595
9845;-0.007145922267960713
9846;0.10420489957539388
9847;-0.009587559267546482
9848;0.011314668992620512
9849;-0.010218944021827525
9850;-0.0031513707224758037
9851;0.004607624929198266
9852;-0.013459674973875622
9853;-0.07969007496357917
9854;0.023804896222468414
9855;-0.016663067924392153
9856;-0.0707025970170237
9857;0.04322640028574256
9858;0.023745595546482718
9859;0.03989249918882194
9860;0.07258048543225783
9861;-0.017703161731053286
9862;0.025254380221331873
9863;-0.013856927507542026
9864;0.04115571491435617
9865;-0.019536342396491192
9866;0.02240100999177329
9867;0.09297097635152625
9868;0.028049961467792883
9869;-0.017606142916768163
9870;0.03500197618106938
9871;0.052947912966278494
9872;0.02913753911175391
9873;0.005439942308625945
9874;-0.09717609356813085
9875;0.04302852988077845
9876;0.07374222562828649
9877;0.04993191015674043
9878;-0.02227462688175535
9879;0.08184131382571834
9880;-0.044014298299297254
9881;0.022361216099210993
9882;0.07362601762200896
9883;0.014210292618831204
9884;-0.0208086192003762
9885;-0.07387862568938544
9886;0.01385561390403197
9887;0.11950817391512998
9888;0.013803649418543102
9889;-0.027277071455775542
9890;-0.043714760593443314
9891;0.05210300488077195
9892;0.10967987411855162
9893;-0.022412754027882186
9894;0.06818270705819657
9895;0.016193476200899965
9896;0.00844959061585854
9897;0.009450979737817704
9898;-0.0230572486606539
9899;-0.03330191304538161
9900;0.042285899986504775
9901;0.01955079653163324
9902;-0.0049938041748934835
9903;0.006622030439667839
9904;0.015222514537349952
9905;0.07651546154778145
9906;0.025690045340305688
9907;0.003652082560523269
9908;0.043106118192752375
9909;-0.027958353069084865
9910;0.04774225142610504
9911;0.09805218994029247
9912;-0.032294855933625966
9913;0.08247665807705402
9914;0.017870281966200424
9915;-0.044814842742681264
9916;-0.04717988688884347
9917;-0.004804978935131317
9918;-0.0040843340483047545
9919;-0.01309170705468148
9920;0.04613398330512112
9921;0.06770244427997853
9922;0.024541530296613843
9923;0.010238816743846257
9924;0.09434832394728304
9925;-0.05505032216178676
9926;-0.017691016553529268
9927;0.017700752791312623
9928;0.07824170705424478
9929;-0.03148583313254761
9930;0.053227472526136806
9931;0.0945410438028189
9932;-0.018050347229900298
9933;0.04358613539614069
9934;0.03461671413264341
9935;0.081172439031632
9936;0.09977798668839143
9937;0.03895057807187129
9938;0.0279315557605166
9939;-0.00902386053963852
9940;0.005140433655608519
9941;0.0983979817446405
9942;0.08626976212675473
9943;0.005192426736088294
9944;0.051933231008767254
9945;0.023047877865977
9946;0.011446664205708288
9947;-0.052545779365228355
9948;0.07450441218248358
9949;-0.0050372136700225665
9950;0.04949986714183169
9951;0.0807008716889493
9952;0.05557610823495821
9953;0.06250551598206883
9954;-0.0014080464359685152
9955;0.018773547614138124
9956;0.06775494992892987
9957;0.007092376618915637
9958;0.04316645240429807
9959;-0.0028343379195257513
9960;0.06712493673175417
9961;0.07786988598430142
9962;0.05548160418715355
9963;-0.024044454838224708
9964;0.06186608531380415
9965;0.0373028227869942
9966;0.043468701651026294
9967;-0.05337339973206056
9968;0.011900972072692752
9969;-0.026061431097833605
9970;-0.031613969737496035
9971;-0.03455109318506558
9972;0.03404534267110819
9973;0.026383720525393242
9974;-0.029740719008688642
9975;-0.008030936045909699
9976;-0.016076787917662046
9977;-0.008789786608313931
9978;-0.02688633638355924
9979;0.11536519479170494
9980;0.024870867115251515
9981;0.04189949648417965
9982;-0.024532768429502454
9983;-0.0051270579956241135
9984;0.03186071200823079
9985;0.005281202066689445
9986;0.004633986343566221
9987;-0.04201170284721769
9988;0.01700622163797732
9989;-0.003486297048721383
9990;0.08879154789307449
9991;-0.045109075774800826
9992;0.02767262687286177
9993;-0.011842800343424357
9994;-0.019808474119494834
9995;0.019098058915655258
9996;0.06332896419356075
9997;0.06776359548341389
9998;0.053868567638922116
9999;0.08197448637256556
